count,0, Input, 2, bpfOut,0.12915,hetero,0.12915,lpfOut,0
count,5e-05, Input, 1.76813, bpfOut,0.35522,hetero,0.354372,lpfOut,0
count,0.0001, Input, 1.17784, bpfOut,0.497417,hetero,0.492672,lpfOut,0
count,0.00015, Input, 0.496827, bpfOut,0.536935,hetero,0.525435,lpfOut,0
count,0.0002, Input, 0.0322512, bpfOut,0.494977,hetero,0.476182,lpfOut,0
count,0.00025, Input, -0.0101758, bpfOut,0.423489,hetero,0.398453,lpfOut,0
count,0.0003, Input, 0.379414, bpfOut,0.381762,hetero,0.349404,lpfOut,0
count,0.00035, Input, 1.01056, bpfOut,0.409634,hetero,0.362621,lpfOut,0
count,0.0004, Input, 1.57996, bpfOut,0.509603,hetero,0.43367,lpfOut,0
count,0.00045, Input, 1.81072, bpfOut,0.646057,hetero,0.525047,lpfOut,0
count,0.0005, Input, 1.57953, bpfOut,0.761977,hetero,0.587113,lpfOut,0
count,0.00055, Input, 0.973343, bpfOut,0.805451,hetero,0.583672,lpfOut,0
count,0.0006, Input, 0.249554, bpfOut,0.753833,hetero,0.509088,lpfOut,0
count,0.00065, Input, -0.282039, bpfOut,0.62445,hetero,0.3889,lpfOut,0
count,0.0007, Input, -0.401314, bpfOut,0.466961,hetero,0.264893,lpfOut,0
count,0.00075, Input, -0.0787442, bpfOut,0.340855,hetero,0.173509,lpfOut,0
count,0.0008, Input, 0.511174, bpfOut,0.288438,hetero,0.129331,lpfOut,0
count,0.00085, Input, 1.07013, bpfOut,0.315692,hetero,0.121726,lpfOut,0
count,0.0009, Input, 1.31306, bpfOut,0.389799,hetero,0.125103,lpfOut,0
count,0.00095, Input, 1.0991, bpfOut,0.454466,hetero,0.115785,lpfOut,0
count,0.001, Input, 0.496398, bpfOut,0.456017,hetero,0.085449,lpfOut,0
count,0.00105, Input, -0.249027, bpfOut,0.368277,hetero,0.0438607,lpfOut,0
count,0.0011, Input, -0.826062, bpfOut,0.204828,hetero,0.0102914,lpfOut,0
count,0.00115, Input, -1.00114, bpfOut,0.0130062,hetero,-0.000245146,lpfOut,0
count,0.0012, Input, -0.725276, bpfOut,-0.147591,hetero,0.0129661,lpfOut,0
count,0.00125, Input, -0.156435, bpfOut,-0.232243,hetero,0.0363307,lpfOut,0
count,0.0013, Input, 0.413153, bpfOut,-0.231411,hetero,0.0518987,lpfOut,0
count,0.00135, Input, 0.691251, bpfOut,-0.174914,hetero,0.0509064,lpfOut,0
count,0.0014, Input, 0.519895, bpfOut,-0.118041,hetero,0.0420712,lpfOut,0
count,0.00145, Input, -0.0519599, bpfOut,-0.115979,hetero,0.0487211,lpfOut,0
count,0.0015, Input, -0.79077, bpfOut,-0.198301,hetero,0.0955323,lpfOut,0
count,0.00155, Input, -1.38545, bpfOut,-0.355217,hetero,0.192215,lpfOut,0
count,0.0016, Input, -1.59002, bpfOut,-0.541892,hetero,0.324,lpfOut,0
count,0.00165, Input, -1.33638, bpfOut,-0.698872,hetero,0.455548,lpfOut,0
count,0.0017, Input, -0.76544, bpfOut,-0.779211,hetero,0.547513,lpfOut,0
count,0.00175, Input, -0.162325, bpfOut,-0.769883,hetero,0.577498,lpfOut,0
count,0.0018, Input, 0.174592, bpfOut,-0.697621,hetero,0.553904,lpfOut,0
count,0.00185, Input, 0.0707492, bpfOut,-0.616527,hetero,0.514232,lpfOut,0
count,0.0019, Input, -0.444404, bpfOut,-0.583126,hetero,0.507427,lpfOut,0
count,0.00195, Input, -1.15082, bpfOut,-0.63032,hetero,0.568633,lpfOut,0
count,0.002, Input, -1.73879, bpfOut,-0.75219,hetero,0.699368,lpfOut,0
count,0.00205, Input, -1.95101, bpfOut,-0.906635,hetero,0.864004,lpfOut,0
count,0.0021, Input, -1.7006, bpfOut,-1.03462,hetero,1.00527,lpfOut,0
count,0.00215, Input, -1.11098, bpfOut,-1.08722,hetero,1.07161,lpfOut,0
count,0.0022, Input, -0.459125, bpfOut,-1.048,hetero,1.04271,lpfOut,0
count,0.00225, Input, -0.0484502, bpfOut,-0.940554,hetero,0.94009,lpfOut,0
count,0.0023, Input, -0.0695128, bpfOut,-0.81763,hetero,0.817049,lpfOut,0
count,0.00235, Input, -0.512545, bpfOut,-0.736901,hetero,0.732701,lpfOut,0
count,0.0024, Input, -1.17194, bpfOut,-0.734499,hetero,0.723161,lpfOut,0
count,0.00245, Input, -1.74064, bpfOut,-0.808433,hetero,0.784282,lpfOut,0
count,0.0025, Input, -1.95106, bpfOut,-0.919521,hetero,0.874516,lpfOut,0
count,0.00255, Input, -1.69796, bpfOut,-1.0094,hetero,0.936165,lpfOut,0
count,0.0026, Input, -1.08679, bpfOut,-1.02736,hetero,0.924013,lpfOut,0
count,0.00265, Input, -0.385317, bpfOut,-0.95365,hetero,0.826882,lpfOut,0
count,0.0027, Input, 0.0991805, bpfOut,-0.80862,hetero,0.671637,lpfOut,0
count,0.00275, Input, 0.160901, bpfOut,-0.64344,hetero,0.508417,lpfOut,0
count,0.0028, Input, -0.210115, bpfOut,-0.516693,hetero,0.385423,lpfOut,0
count,0.00285, Input, -0.8235, bpfOut,-0.467577,hetero,0.326446,lpfOut,0
count,0.0029, Input, -1.37602, bpfOut,-0.498006,hetero,0.322238,lpfOut,0
count,0.00295, Input, -1.59088, bpfOut,-0.571836,hetero,0.339017,lpfOut,0
count,0.003, Input, -1.34485, bpfOut,-0.631565,hetero,0.33841,lpfOut,0
count,0.00305, Input, -0.72493, bpfOut,-0.624843,hetero,0.297574,lpfOut,0
count,0.0031, Input, 0.0114023, bpfOut,-0.528621,hetero,0.219048,lpfOut,0
count,0.00315, Input, 0.554292, bpfOut,-0.359861,hetero,0.126144,lpfOut,0
count,0.0032, Input, 0.683564, bpfOut,-0.167886,hetero,0.0478508,lpfOut,0
count,0.00325, Input, 0.369643, bpfOut,-0.0118784,hetero,0.00259119,lpfOut,0
count,0.0033, Input, -0.213016, bpfOut,0.0661373,hetero,-0.00993554,lpfOut,0
count,0.00335, Input, -0.766138, bpfOut,0.0604392,hetero,-0.00493129,lpfOut,0
count,0.0034, Input, -1.00468, bpfOut,0.0040857,hetero,-5.13418e-05,lpfOut,0
count,0.00345, Input, -0.787809, bpfOut,-0.0464075,hetero,-0.00262288,lpfOut,0
count,0.0035, Input, -0.183684, bpfOut,-0.0371566,hetero,-0.00465694,lpfOut,0
count,0.00355, Input, 0.561671, bpfOut,0.0582079,hetero,0.0112661,lpfOut,0
count,0.0036, Input, 1.13715, bpfOut,0.226289,hetero,0.0590254,lpfOut,0
count,0.00365, Input, 1.30918, bpfOut,0.419922,hetero,0.137267,lpfOut,0
count,0.0037, Input, 1.0288, bpfOut,0.579677,hetero,0.22687,lpfOut,0
count,0.00375, Input, 0.453992, bpfOut,0.660989,hetero,0.300083,lpfOut,0
count,0.0038, Input, -0.122983, bpfOut,0.654473,hetero,0.336687,lpfOut,0
count,0.00385, Input, -0.409855, bpfOut,0.590096,hetero,0.33779,lpfOut,0
count,0.0039, Input, -0.248616, bpfOut,0.523286,hetero,0.328462,lpfOut,0
count,0.00395, Input, 0.311828, bpfOut,0.509372,hetero,0.346349,lpfOut,0
count,0.004, Input, 1.03799, bpfOut,0.578063,hetero,0.42139,lpfOut,0
count,0.00405, Input, 1.61883, bpfOut,0.719703,hetero,0.557412,lpfOut,0
count,0.0041, Input, 1.80845, bpfOut,0.88959,hetero,0.726207,lpfOut,0
count,0.00415, Input, 1.53882, bpfOut,1.0284,hetero,0.878539,lpfOut,0
count,0.0042, Input, 0.95093, bpfOut,1.08932,hetero,0.967463,lpfOut,0
count,0.00425, Input, 0.329971, bpfOut,1.05945,hetero,0.972311,lpfOut,0
count,0.0043, Input, -0.0255921, bpfOut,0.965645,hetero,0.910594,lpfOut,0
count,0.00435, Input, 0.0588956, bpfOut,0.862143,hetero,0.830868,lpfOut,0
count,0.0044, Input, 0.554074, bpfOut,0.805593,hetero,0.789364,lpfOut,0
count,0.00445, Input, 1.24, bpfOut,0.82902,hetero,0.821814,lpfOut,0
count,0.0045, Input, 1.80704, bpfOut,0.926631,hetero,0.924803,lpfOut,0
count,0.00455, Input, 1.99801, bpfOut,1.05645,hetero,1.05643,lpfOut,0
count,0.0046, Input, 1.72613, bpfOut,1.15956,hetero,1.15627,lpfOut,0
count,0.00465, Input, 1.11491, bpfOut,1.18716,hetero,1.17478,lpfOut,0
count,0.0047, Input, 0.441445, bpfOut,1.12293,hetero,1.0974,lpfOut,0
count,0.00475, Input, 0.00923717, bpfOut,0.990587,hetero,0.951255,lpfOut,0
count,0.0048, Input, 0.00895625, bpfOut,0.842988,hetero,0.791342,lpfOut,0
count,0.00485, Input, 0.430939, bpfOut,0.737921,hetero,0.673494,lpfOut,0
count,0.0049, Input, 1.06967, bpfOut,0.711625,hetero,0.62786,lpfOut,0
count,0.00495, Input, 1.61819, bpfOut,0.762215,hetero,0.646113,lpfOut,0
count,0.005, Input, 1.80902, bpfOut,0.850613,hetero,0.688161,lpfOut,0
count,0.00505, Input, 1.53701, bpfOut,0.918556,hetero,0.704067,lpfOut,0
count,0.0051, Input, 0.907692, bpfOut,0.915421,hetero,0.659386,lpfOut,0
count,0.00515, Input, 0.188937, bpfOut,0.821555,hetero,0.551005,lpfOut,0
count,0.0052, Input, -0.311916, bpfOut,0.657388,hetero,0.406174,lpfOut,0
count,0.00525, Input, -0.388974, bpfOut,0.474171,hetero,0.266524,lpfOut,0
count,0.0053, Input, -0.032204, bpfOut,0.330563,hetero,0.166479,lpfOut,0
count,0.00535, Input, 0.568087, bpfOut,0.265828,hetero,0.117697,lpfOut,0
count,0.0054, Input, 1.10875, bpfOut,0.281944,hetero,0.107077,lpfOut,0
count,0.00545, Input, 1.31301, bpfOut,0.342824,hetero,0.107985,lpfOut,0
count,0.0055, Input, 1.05771, bpfOut,0.391015,hetero,0.0972416,lpfOut,0
count,0.00555, Input, 0.429899, bpfOut,0.37421,hetero,0.0678091,lpfOut,0
count,0.0056, Input, -0.312923, bpfOut,0.269397,hetero,0.0304033,lpfOut,0
count,0.00565, Input, -0.860858, bpfOut,0.0935685,hetero,0.00411406,lpfOut,0
count,0.0057, Input, -0.993713, bpfOut,-0.103932,hetero,0.00261179,lpfOut,0
count,0.00575, Input, -0.681895, bpfOut,-0.263904,hetero,0.0248354,lpfOut,0
count,0.0058, Input, -0.0998522, bpfOut,-0.344318,hetero,0.0559989,lpfOut,0
count,0.00585, Input, 0.454157, bpfOut,-0.339449,hetero,0.0782054,lpfOut,0
count,0.0059, Input, 0.695073, bpfOut,-0.282362,hetero,0.083873,lpfOut,0
count,0.00595, Input, 0.482053, bpfOut,-0.229586,hetero,0.0831733,lpfOut,0
count,0.006, Input, -0.116758, bpfOut,-0.235025,hetero,0.100069,lpfOut,0
count,0.00605, Input, -0.855374, bpfOut,-0.325077,hetero,0.158394,lpfOut,0
count,0.0061, Input, -1.4227, bpfOut,-0.486379,hetero,0.265754,lpfOut,0
count,0.00615, Input, -1.58522, bpfOut,-0.671807,hetero,0.405052,lpfOut,0
count,0.0062, Input, -1.29401, bpfOut,-0.821979,hetero,0.5397,lpfOut,0
count,0.00625, Input, -0.707106, bpfOut,-0.892384,hetero,0.631011,lpfOut,0
count,0.0063, Input, -0.116829, bpfOut,-0.873697,hetero,0.658987,lpfOut,0
count,0.00635, Input, 0.184493, bpfOut,-0.79595,hetero,0.635004,lpfOut,0
count,0.0064, Input, 0.0387799, bpfOut,-0.714642,hetero,0.598533,lpfOut,0
count,0.00645, Input, -0.505132, bpfOut,-0.685179,hetero,0.59834,lpfOut,0
count,0.0065, Input, -1.21384, bpfOut,-0.73735,hetero,0.667174,lpfOut,0
count,0.00655, Input, -1.7764, bpfOut,-0.861584,hetero,0.803058,lpfOut,0
count,0.0066, Input, -1.94698, bpfOut,-1.01327,hetero,0.967536,lpfOut,0
count,0.00665, Input, -1.65765, bpfOut,-1.13318,hetero,1.10269,lpfOut,0
count,0.0067, Input, -1.04948, bpfOut,-1.17458,hetero,1.15894,lpfOut,0
count,0.00675, Input, -0.40778, bpfOut,-1.12469,hetero,1.1197,lpfOut,0
count,0.0068, Input, -0.031101, bpfOut,-1.01046,hetero,1.01014,lpfOut,0
count,0.00685, Input, -0.0942045, bpfOut,-0.886221,hetero,0.885364,lpfOut,0
count,0.0069, Input, -0.567833, bpfOut,-0.808733,hetero,0.803567,lpfOut,0
count,0.00695, Input, -1.23213, bpfOut,-0.811125,hetero,0.797697,lpfOut,0
count,0.007, Input, -1.7776, bpfOut,-0.887709,hetero,0.85982,lpfOut,0
count,0.00705, Input, -1.94712, bpfOut,-0.99661,hetero,0.945879,lpfOut,0
count,0.0071, Input, -1.65405, bpfOut,-1.07902,hetero,0.998177,lpfOut,0
count,0.00715, Input, -1.02198, bpfOut,-1.08623,hetero,0.973959,lpfOut,0
count,0.0072, Input, -0.328101, bpfOut,-1.00204,hetero,0.865685,lpfOut,0
count,0.00725, Input, 0.123975, bpfOut,-0.850248,hetero,0.703224,lpfOut,0
count,0.0073, Input, 0.14349, bpfOut,-0.683814,hetero,0.537675,lpfOut,0
count,0.00735, Input, -0.259988, bpfOut,-0.560617,hetero,0.415833,lpfOut,0
count,0.0074, Input, -0.881031, bpfOut,-0.516987,hetero,0.35861,lpfOut,0
count,0.00745, Input, -1.41277, bpfOut,-0.551125,hetero,0.353962,lpfOut,0
count,0.0075, Input, -1.58779, bpfOut,-0.624033,hetero,0.366798,lpfOut,0
count,0.00755, Input, -1.30102, bpfOut,-0.677524,hetero,0.359435,lpfOut,0
count,0.0076, Input, -0.658088, bpfOut,-0.661048,hetero,0.311158,lpfOut,0
count,0.00765, Input, 0.0731049, bpfOut,-0.555015,hetero,0.226807,lpfOut,0
count,0.0077, Input, 0.585133, bpfOut,-0.379918,hetero,0.130936,lpfOut,0
count,0.00775, Input, 0.672067, bpfOut,-0.187062,hetero,0.0521886,lpfOut,0
count,0.0078, Input, 0.323821, bpfOut,-0.035152,hetero,0.0074525,lpfOut,0
count,0.00785, Input, -0.269339, bpfOut,0.0365044,hetero,-0.00525703,lpfOut,0
count,0.0079, Input, -0.804295, bpfOut,0.0258956,hetero,-0.00195064,lpfOut,0
count,0.00795, Input, -1.00431, bpfOut,-0.0309194,hetero,0.000194298,lpfOut,0
count,0.008, Input, -0.746227, bpfOut,-0.076509,hetero,-0.00480402,lpfOut,0
count,0.00805, Input, -0.11713, bpfOut,-0.0585796,hetero,-0.00770696,lpfOut,0
count,0.0081, Input, 0.625488, bpfOut,0.0458738,hetero,0.00916141,lpfOut,0
count,0.00815, Input, 1.17173, bpfOut,0.21986,hetero,0.058681,lpfOut,0
count,0.0082, Input, 1.3014, bpfOut,0.414042,hetero,0.137801,lpfOut,0
count,0.00825, Input, 0.984936, bpfOut,0.569235,hetero,0.226071,lpfOut,0
count,0.0083, Input, 0.396788, bpfOut,0.64343,hetero,0.295707,lpfOut,0
count,0.00835, Input, -0.164729, bpfOut,0.630931,hetero,0.327968,lpfOut,0
count,0.0084, Input, -0.414541, bpfOut,0.564839,hetero,0.326235,lpfOut,0
count,0.00845, Input, -0.211759, bpfOut,0.501725,hetero,0.317376,lpfOut,0
count,0.0085, Input, 0.375524, bpfOut,0.495541,hetero,0.339221,lpfOut,0
count,0.00855, Input, 1.10138, bpfOut,0.57274,hetero,0.419964,lpfOut,0
count,0.0086, Input, 1.65477, bpfOut,0.720019,hetero,0.560507,lpfOut,0
count,0.00865, Input, 1.80224, bpfOut,0.890321,hetero,0.730021,lpfOut,0
count,0.0087, Input, 1.49495, bpfOut,1.02434,hetero,0.878395,lpfOut,0
count,0.00875, Input, 0.891007, bpfOut,1.07763,hetero,0.960174,lpfOut,0
count,0.0088, Input, 0.282811, bpfOut,1.04095,hetero,0.957919,lpfOut,0
count,0.00885, Input, -0.0372244, bpfOut,0.944431,hetero,0.892547,lpfOut,0
count,0.0089, Input, 0.0890731, bpfOut,0.843647,hetero,0.814442,lpfOut,0
count,0.00895, Input, 0.612967, bpfOut,0.794101,hetero,0.779085,lpfOut,0
count,0.009, Input, 1.30113, bpfOut,0.825678,hetero,0.819167,lpfOut,0
count,0.00905, Input, 1.84273, bpfOut,0.928902,hetero,0.927418,lpfOut,0
count,0.0091, Input, 1.99204, bpfOut,1.05927,hetero,1.05918,lpfOut,0
count,0.00915, Input, 1.68122, bpfOut,1.15763,hetero,1.15378,lpfOut,0
count,0.0092, Input, 1.05144, bpfOut,1.17739,hetero,1.16403,lpfOut,0
count,0.00925, Input, 0.388136, bpfOut,1.10585,hetero,1.07921,lpfOut,0
count,0.0093, Input, -0.0100609, bpfOut,0.970058,hetero,0.929822,lpfOut,0
count,0.00935, Input, 0.0317209, bpfOut,0.824461,hetero,0.772149,lpfOut,0
count,0.0094, Input, 0.48432, bpfOut,0.725913,hetero,0.660658,lpfOut,0
count,0.00945, Input, 1.12801, bpfOut,0.707645,hetero,0.622244,lpfOut,0
count,0.0095, Input, 1.65335, bpfOut,0.764068,hetero,0.645124,lpfOut,0
count,0.00955, Input, 1.80334, bpfOut,0.853403,hetero,0.687252,lpfOut,0
count,0.0096, Input, 1.49142, bpfOut,0.916935,hetero,0.699111,lpfOut,0
count,0.00965, Input, 0.841281, bpfOut,0.906045,hetero,0.648671,lpfOut,0
count,0.0097, Input, 0.130185, bpfOut,0.804616,hetero,0.535884,lpfOut,0
count,0.00975, Input, -0.338149, bpfOut,0.636534,hetero,0.390136,lpfOut,0
count,0.0098, Input, -0.372903, bpfOut,0.454832,hetero,0.253285,lpfOut,0
count,0.00985, Input, 0.016424, bpfOut,0.317464,hetero,0.158156,lpfOut,0
count,0.0099, Input, 0.6245, bpfOut,0.260827,hetero,0.114011,lpfOut,0
count,0.00995, Input, 1.14447, bpfOut,0.283183,hetero,0.105899,lpfOut,0
count,0.01, Input, 1.30902, bpfOut,0.345592,hetero,0.106794,lpfOut,0
count,0.01005, Input, 1.01312, bpfOut,0.389915,hetero,0.0945934,lpfOut,0
count,0.0101, Input, 0.362402, bpfOut,0.365647,hetero,0.0639969,lpfOut,0
count,0.01015, Input, -0.375142, bpfOut,0.253234,hetero,0.0269976,lpfOut,0
count,0.0102, Input, -0.892084, bpfOut,0.073201,hetero,0.002759,lpfOut,0
count,0.01025, Input, -0.982469, bpfOut,-0.123126,hetero,0.00386736,lpfOut,0
count,0.0103, Input, -0.636197, bpfOut,-0.277023,hetero,0.0278025,lpfOut,0
count,0.01035, Input, -0.0434985, bpfOut,-0.349175,hetero,0.0589522,lpfOut,0
count,0.0104, Input, 0.492469, bpfOut,-0.337567,hetero,0.0798339,lpfOut,0
count,0.01045, Input, 0.694991, bpfOut,-0.278263,hetero,0.0843234,lpfOut,0
count,0.0105, Input, 0.440899, bpfOut,-0.228707,hetero,0.0841924,lpfOut,0
count,0.01055, Input, -0.182767, bpfOut,-0.241211,hetero,0.104072,lpfOut,0
count,0.0106, Input, -0.918505, bpfOut,-0.338807,hetero,0.166939,lpfOut,0
count,0.01065, Input, -1.45647, bpfOut,-0.504535,hetero,0.278324,lpfOut,0
count,0.0107, Input, -1.57652, bpfOut,-0.689099,hetero,0.418924,lpfOut,0
count,0.01075, Input, -1.24909, bpfOut,-0.83336,hetero,0.55111,lpfOut,0
count,0.0108, Input, -0.648745, bpfOut,-0.895359,hetero,0.637079,lpfOut,0
count,0.01085, Input, -0.0738173, bpfOut,-0.869462,hetero,0.659367,lpfOut,0
count,0.0109, Input, 0.190547, bpfOut,-0.788832,hetero,0.632301,lpfOut,0
count,0.01095, Input, 0.00338972, bpfOut,-0.710109,hetero,0.597162,lpfOut,0
count,0.011, Input, -0.56729, bpfOut,-0.687321,hetero,0.602304,lpfOut,0
count,0.01105, Input, -1.27561, bpfOut,-0.746999,hetero,0.67789,lpfOut,0
count,0.0111, Input, -1.81063, bpfOut,-0.875925,hetero,0.818402,lpfOut,0
count,0.01115, Input, -1.939, bpfOut,-1.02713,hetero,0.982667,lpfOut,0
count,0.0112, Input, -1.61195, bpfOut,-1.14139,hetero,1.11232,lpfOut,0
count,0.01125, Input, -0.98769, bpfOut,-1.17437,hetero,1.15991,lpfOut,0
count,0.0113, Input, -0.358713, bpfOut,-1.11692,hetero,1.11261,lpfOut,0
count,0.01135, Input, -0.0175367, bpfOut,-0.999263,hetero,0.999085,lpfOut,0
count,0.0114, Input, -0.122432, bpfOut,-0.87708,hetero,0.875972,lpfOut,0
count,0.01145, Input, -0.624758, bpfOut,-0.805974,hetero,0.800238,lpfOut,0
count,0.0115, Input, -1.2913, bpfOut,-0.815933,hetero,0.801481,lpfOut,0
count,0.01155, Input, -1.81133, bpfOut,-0.897588,hetero,0.867969,lpfOut,0
count,0.0116, Input, -1.93921, bpfOut,-1.00653,hetero,0.953282,lpfOut,0
count,0.01165, Input, -1.60722, bpfOut,-1.08373,hetero,0.999927,lpfOut,0
count,0.0117, Input, -0.956635, bpfOut,-1.08267,hetero,0.967736,lpfOut,0
count,0.01175, Input, -0.272962, bpfOut,-0.990758,hetero,0.852788,lpfOut,0
count,0.0118, Input, 0.145047, bpfOut,-0.835153,hetero,0.687777,lpfOut,0
count,0.01185, Input, 0.122436, bpfOut,-0.670385,hetero,0.524503,lpfOut,0
count,0.0119, Input, -0.311732, bpfOut,-0.5534,hetero,0.40814,lpfOut,0
count,0.01195, Input, -0.937799, bpfOut,-0.517519,hetero,0.35663,lpfOut,0
count,0.012, Input, -1.44644, bpfOut,-0.557235,hetero,0.355196,lpfOut,0
count,0.01205, Input, -1.58072, bpfOut,-0.630852,hetero,0.367592,lpfOut,0
count,0.0121, Input, -1.25414, bpfOut,-0.679728,hetero,0.356977,lpfOut,0
count,0.01215, Input, -0.590488, bpfOut,-0.655314,hetero,0.30482,lpfOut,0
count,0.0122, Input, 0.132914, bpfOut,-0.54156,hetero,0.218198,lpfOut,0
count,0.01225, Input, 0.612314, bpfOut,-0.362409,hetero,0.122762,lpfOut,0
count,0.0123, Input, 0.656823, bpfOut,-0.170946,hetero,0.0466602,lpfOut,0
count,0.01235, Input, 0.275892, bpfOut,-0.0251723,hetero,0.00518207,lpfOut,0
count,0.0124, Input, -0.325165, bpfOut,0.0384755,hetero,-0.00530155,lpfOut,0
count,0.01245, Input, -0.839567, bpfOut,0.0217008,hetero,-0.00149867,lpfOut,0
count,0.0125, Input, -1, bpfOut,-0.0365816,hetero,2.16584e-08,lpfOut,0
count,0.01255, Input, -0.701455, bpfOut,-0.078255,hetero,-0.00540422,lpfOut,0
count,0.0126, Input, -0.0495976, bpfOut,-0.052825,hetero,-0.0072787,lpfOut,0
count,0.01265, Input, 0.687607, bpfOut,0.059255,hetero,0.0121983,lpfOut,0
count,0.0127, Input, 1.20273, bpfOut,0.237464,hetero,0.0648163,lpfOut,0
count,0.01275, Input, 1.28979, bpfOut,0.430484,hetero,0.145821,lpfOut,0
count,0.0128, Input, 0.938736, bpfOut,0.579607,hetero,0.233527,lpfOut,0
count,0.01285, Input, 0.339825, bpfOut,0.645539,hetero,0.300273,lpfOut,0
count,0.0129, Input, -0.203788, bpfOut,0.626298,hetero,0.328915,lpfOut,0
count,0.01295, Input, -0.415336, bpfOut,0.557981,hetero,0.32513,lpfOut,0
count,0.013, Input, -0.171595, bpfOut,0.498076,hetero,0.317486,lpfOut,0
count,0.01305, Input, 0.440417, bpfOut,0.498945,hetero,0.34383,lpfOut,0
count,0.0131, Input, 1.16328, bpfOut,0.583675,hetero,0.430467,lpfOut,0
count,0.01315, Input, 1.68722, bpfOut,0.735368,hetero,0.575345,lpfOut,0
count,0.0132, Input, 1.79212, bpfOut,0.904796,hetero,0.745128,lpfOut,0
count,0.01325, Input, 1.44853, bpfOut,1.03289,hetero,0.889052,lpfOut,0
count,0.0133, Input, 0.83106, bpfOut,1.07777,hetero,0.963356,lpfOut,0
count,0.01335, Input, 0.238123, bpfOut,1.03388,hetero,0.953936,lpfOut,0
count,0.0134, Input, -0.0450167, bpfOut,0.934478,hetero,0.885042,lpfOut,0
count,0.01345, Input, 0.122671, bpfOut,0.836284,hetero,0.808688,lpfOut,0
count,0.0135, Input, 0.673263, bpfOut,0.793422,hetero,0.779369,lpfOut,0
count,0.01355, Input, 1.361, bpfOut,0.83252,hetero,0.826594,lpfOut,0
count,0.0136, Input, 1.87504, bpfOut,0.940457,hetero,0.939269,lpfOut,0
count,0.01365, Input, 1.98211, bpfOut,1.07036,hetero,1.07017,lpfOut,0
count,0.0137, Input, 1.63356, bpfOut,1.16312,hetero,1.15863,lpfOut,0
count,0.01375, Input, 0.987699, bpfOut,1.1745,hetero,1.16004,lpfOut,0
count,0.0138, Input, 0.337102, bpfOut,1.09544,hetero,1.06754,lpfOut,0
count,0.01385, Input, -0.0255746, bpfOut,0.956278,hetero,0.914883,lpfOut,0
count,0.0139, Input, 0.0580199, bpfOut,0.812796,hetero,0.759419,lpfOut,0
count,0.01395, Input, 0.539352, bpfOut,0.720697,hetero,0.654021,lpfOut,0
count,0.014, Input, 1.18533, bpfOut,0.710071,hetero,0.622241,lpfOut,0
count,0.01405, Input, 1.68527, bpfOut,0.771646,hetero,0.648912,lpfOut,0
count,0.0141, Input, 1.79368, bpfOut,0.86111,hetero,0.690237,lpfOut,0
count,0.01415, Input, 1.44292, bpfOut,0.919526,hetero,0.697334,lpfOut,0
count,0.0142, Input, 0.774339, bpfOut,0.900469,hetero,0.640717,lpfOut,0
count,0.01425, Input, 0.0735276, bpfOut,0.791427,hetero,0.523381,lpfOut,0
count,0.0143, Input, -0.360652, bpfOut,0.619644,hetero,0.3767,lpfOut,0
count,0.01435, Input, -0.353184, bpfOut,0.439726,hetero,0.242573,lpfOut,0
count,0.0144, Input, 0.0669391, bpfOut,0.308693,hetero,0.152102,lpfOut,0
count,0.01445, Input, 0.680148, bpfOut,0.259933,hetero,0.11215,lpfOut,0
count,0.0145, Input, 1.17714, bpfOut,0.288001,hetero,0.106021,lpfOut,0
count,0.01455, Input, 1.30106, bpfOut,0.351254,hetero,0.106443,lpfOut,0
count,0.0146, Input, 0.965474, bpfOut,0.391102,hetero,0.0924953,lpfOut,0
count,0.01465, Input, 0.294165, bpfOut,0.359038,hetero,0.0606178,lpfOut,0
count,0.0147, Input, -0.435463, bpfOut,0.239047,hetero,0.0239914,lpfOut,0
count,0.01475, Input, -0.919643, bpfOut,0.055105,hetero,0.00173096,lpfOut,0
count,0.0148, Input, -0.967468, bpfOut,-0.139681,hetero,0.00526439,lpfOut,0
count,0.01485, Input, -0.588375, bpfOut,-0.287296,hetero,0.030629,lpfOut,0
count,0.0149, Input, 0.0123586, bpfOut,-0.351292,hetero,0.0614841,lpfOut,0
count,0.01495, Input, 0.527912, bpfOut,-0.333371,hetero,0.0808753,lpfOut,0
count,0.015, Input, 0.690984, bpfOut,-0.272455,hetero,0.0841928,lpfOut,0
count,0.01505, Input, 0.396562, bpfOut,-0.226671,hetero,0.0847655,lpfOut,0
count,0.0151, Input, -0.249734, bpfOut,-0.246536,hetero,0.107764,lpfOut,0
count,0.01515, Input, -0.979936, bpfOut,-0.351622,hetero,0.175173,lpfOut,0
count,0.0152, Input, -1.48665, bpfOut,-0.521441,hetero,0.290377,lpfOut,0
count,0.01525, Input, -1.56397, bpfOut,-0.704713,hetero,0.431923,lpfOut,0
count,0.0153, Input, -1.20184, bpfOut,-0.84278,hetero,0.5613,lpfOut,0
count,0.01535, Input, -0.590603, bpfOut,-0.896399,hetero,0.641763,lpfOut,0
count,0.0154, Input, -0.0334772, bpfOut,-0.863645,hetero,0.65848,lpfOut,0
count,0.01545, Input, 0.192719, bpfOut,-0.780685,hetero,0.628691,lpfOut,0
count,0.0155, Input, -0.0353035, bpfOut,-0.705072,hetero,0.595312,lpfOut,0
count,0.01555, Input, -0.630626, bpfOut,-0.689246,hetero,0.606064,lpfOut,0
count,0.0156, Input, -1.33588, bpfOut,-0.756371,hetero,0.688377,lpfOut,0
count,0.01565, Input, -1.84137, bpfOut,-0.889636,hetero,0.833188,lpfOut,0
count,0.0157, Input, -1.92711, bpfOut,-1.0399,hetero,0.996764,lpfOut,0
count,0.01575, Input, -1.5637, bpfOut,-1.14818,hetero,1.12053,lpfOut,0
count,0.0158, Input, -0.925864, bpfOut,-1.1727,hetero,1.15939,lpfOut,0
count,0.01585, Input, -0.312123, bpfOut,-1.108,hetero,1.1043,lpfOut,0
count,0.0159, Input, -0.00780755, bpfOut,-0.987423,hetero,0.987345,lpfOut,0
count,0.01595, Input, -0.154075, bpfOut,-0.867808,hetero,0.866421,lpfOut,0
count,0.016, Input, -0.683096, bpfOut,-0.803375,hetero,0.79704,lpfOut,0
count,0.01605, Input, -1.34921, bpfOut,-0.820854,hetero,0.805332,lpfOut,0
count,0.0161, Input, -1.84168, bpfOut,-0.907227,hetero,0.87582,lpfOut,0
count,0.01615, Input, -1.92735, bpfOut,-1.01573,hetero,0.959929,lpfOut,0
count,0.0162, Input, -1.55766, bpfOut,-1.08734,hetero,1.00061,lpfOut,0
count,0.01625, Input, -0.891011, bpfOut,-1.07794,hetero,0.960448,lpfOut,0
count,0.0163, Input, -0.220109, bpfOut,-0.97856,hetero,0.839141,lpfOut,0
count,0.01635, Input, 0.162332, bpfOut,-0.819631,hetero,0.672059,lpfOut,0
count,0.0164, Input, 0.0978431, bpfOut,-0.657038,hetero,0.51148,lpfOut,0
count,0.01645, Input, -0.365129, bpfOut,-0.546573,hetero,0.400778,lpfOut,0
count,0.0165, Input, -0.993558, bpfOut,-0.518411,hetero,0.354877,lpfOut,0
count,0.01655, Input, -1.47689, bpfOut,-0.563365,hetero,0.356368,lpfOut,0
count,0.0166, Input, -1.56969, bpfOut,-0.637202,hetero,0.368031,lpfOut,0
count,0.01665, Input, -1.20437, bpfOut,-0.681061,hetero,0.354028,lpfOut,0
count,0.0167, Input, -0.522377, bpfOut,-0.648586,hetero,0.298078,lpfOut,0
count,0.01675, Input, 0.19063, bpfOut,-0.527329,hetero,0.209428,lpfOut,0
count,0.0168, Input, 0.63576, bpfOut,-0.344592,hetero,0.114687,lpfOut,0
count,0.01685, Input, 0.637925, bpfOut,-0.155033,hetero,0.0413788,lpfOut,0
count,0.0169, Input, 0.226072, bpfOut,-0.0157199,hetero,0.00313943,lpfOut,0
count,0.01695, Input, -0.380248, bpfOut,0.039923,hetero,-0.00525251,lpfOut,0
count,0.017, Input, -0.871803, bpfOut,0.0173065,hetero,-0.00108672,lpfOut,0
count,0.01705, Input, -0.991744, bpfOut,-0.0419535,hetero,-0.000263587,lpfOut,0
count,0.0171, Input, -0.653645, bpfOut,-0.0792855,hetero,-0.00597227,lpfOut,0
count,0.01715, Input, 0.0186701, bpfOut,-0.0461949,hetero,-0.00665251,lpfOut,0
count,0.0172, Input, 0.747824, bpfOut,0.0733279,hetero,0.0155459,lpfOut,0
count,0.01725, Input, 1.23005, bpfOut,0.255312,hetero,0.0712292,lpfOut,0
count,0.0173, Input, 1.27442, bpfOut,0.446657,hetero,0.153937,lpfOut,0
count,0.01735, Input, 0.890407, bpfOut,0.589365,hetero,0.240843,lpfOut,0
count,0.0174, Input, 0.283331, bpfOut,0.647013,hetero,0.304551,lpfOut,0
count,0.01745, Input, -0.239995, bpfOut,0.621332,hetero,0.329623,lpfOut,0
count,0.0175, Input, -0.412216, bpfOut,0.55128,hetero,0.324033,lpfOut,0
count,0.01755, Input, -0.128265, bpfOut,0.49503,hetero,0.317933,lpfOut,0
count,0.0176, Input, 0.506264, bpfOut,0.503145,hetero,0.349008,lpfOut,0
count,0.01765, Input, 1.22349, bpfOut,0.595256,hetero,0.441526,lpfOut,0
count,0.0177, Input, 1.71606, bpfOut,0.750937,hetero,0.590453,lpfOut,0
count,0.01775, Input, 1.77814, bpfOut,0.918977,hetero,0.760067,lpfOut,0
count,0.0178, Input, 1.39975, bpfOut,1.04079,hetero,0.89916,lpfOut,0
count,0.01785, Input, 0.771318, bpfOut,1.07721,hetero,0.965867,lpfOut,0
count,0.0179, Input, 0.196107, bpfOut,1.02639,hetero,0.949488,lpfOut,0
count,0.01795, Input, -0.0489308, bpfOut,0.924584,hetero,0.877519,lpfOut,0
count,0.018, Input, 0.159563, bpfOut,0.829443,hetero,0.803384,lpfOut,0
count,0.01805, Input, 0.734746, bpfOut,0.793492,hetero,0.780356,lpfOut,0
count,0.0181, Input, 1.41938, bpfOut,0.839996,hetero,0.834629,lpfOut,0
count,0.01815, Input, 1.90386, bpfOut,0.95224,hetero,0.951319,lpfOut,0
count,0.0182, Input, 1.96827, bpfOut,1.08118,hetero,1.08084,lpfOut,0
count,0.01825, Input, 1.58335, bpfOut,1.16795,hetero,1.16277,lpfOut,0
count,0.0183, Input, 0.923907, bpfOut,1.17086,hetero,1.15527,lpfOut,0
count,0.01835, Input, 0.288552, bpfOut,1.08456,hetero,1.05538,lpfOut,0
count,0.0184, Input, -0.0372497, bpfOut,0.942491,hetero,0.899951,lpfOut,0
count,0.01845, Input, 0.0877398, bpfOut,0.8016,hetero,0.747148,lpfOut,0
count,0.0185, Input, 0.595801, bpfOut,0.716206,hetero,0.648043,lpfOut,0
count,0.01855, Input, 1.24137, bpfOut,0.713141,hetero,0.62276,lpfOut,0
count,0.0186, Input, 1.71383, bpfOut,0.779485,hetero,0.652842,lpfOut,0
count,0.01865, Input, 1.78009, bpfOut,0.86857,hetero,0.692941,lpfOut,0
count,0.0187, Input, 1.39168, bpfOut,0.92147,hetero,0.69502,lpfOut,0
count,0.01875, Input, 0.707105, bpfOut,0.894137,hetero,0.632251,lpfOut,0
count,0.0188, Input, 0.0191752, bpfOut,0.777715,hetero,0.510637,lpfOut,0
count,0.01885, Input, -0.379356, bpfOut,0.602699,hetero,0.363386,lpfOut,0
count,0.0189, Input, -0.329907, bpfOut,0.425055,hetero,0.232248,lpfOut,0
count,0.01895, Input, 0.119115, bpfOut,0.300645,hetero,0.146489,lpfOut,0
count,0.019, Input, 0.734797, bpfOut,0.259714,hetero,0.110581,lpfOut,0
count,0.01905, Input, 1.20659, bpfOut,0.293133,hetero,0.106195,lpfOut,0
count,0.0191, Input, 1.28916, bpfOut,0.356726,hetero,0.105963,lpfOut,0
count,0.01915, Input, 0.914935, bpfOut,0.39168,hetero,0.0902397,lpfOut,0
count,0.0192, Input, 0.225444, bpfOut,0.351683,hetero,0.0571975,lpfOut,0
count,0.01925, Input, -0.493675, bpfOut,0.224321,hetero,0.0211106,lpfOut,0
count,0.0193, Input, -0.943447, bpfOut,0.0369254,hetero,0.000927975,lpfOut,0
count,0.01935, Input, -0.948798, bpfOut,-0.155822,hetero,0.00685101,lpfOut,0
count,0.0194, Input, -0.538632, bpfOut,-0.29684,hetero,0.0334998,lpfOut,0
count,0.01945, Input, 0.0674702, bpfOut,-0.352696,hetero,0.0639098,lpfOut,0
count,0.0195, Input, 0.560325, bpfOut,-0.328798,hetero,0.0817687,lpfOut,0
count,0.01955, Input, 0.683041, bpfOut,-0.26677,hetero,0.0840287,lpfOut,0
count,0.0196, Input, 0.349199, bpfOut,-0.225195,hetero,0.085524,lpfOut,0
count,0.01965, Input, -0.317424, bpfOut,-0.252589,hetero,0.111835,lpfOut,0
count,0.0197, Input, -1.03943, bpfOut,-0.364988,hetero,0.183816,lpfOut,0
count,0.01975, Input, -1.51314, bpfOut,-0.538456,hetero,0.302657,lpfOut,0
count,0.0198, Input, -1.54763, bpfOut,-0.719934,hetero,0.444817,lpfOut,0
count,0.01985, Input, -1.15245, bpfOut,-0.851469,hetero,0.571067,lpfOut,0
count,0.0199, Input, -0.532929, bpfOut,-0.896692,hetero,0.645895,lpfOut,0
count,0.01995, Input, 0.00400782, bpfOut,-0.857395,hetero,0.657186,lpfOut,0
count,0.02, Input, 0.190984, bpfOut,-0.7726,hetero,0.625045,lpfOut,0
count,0.02005, Input, -0.0771658, bpfOut,-0.700549,hetero,0.59384,lpfOut,0
count,0.0201, Input, -0.694893, bpfOut,-0.691883,hetero,0.610442,lpfOut,0
count,0.02015, Input, -1.39444, bpfOut,-0.76631,hetero,0.699405,lpfOut,0
count,0.0202, Input, -1.86851, bpfOut,-0.903492,hetero,0.848138,lpfOut,0
count,0.02025, Input, -1.91135, bpfOut,-1.0523,hetero,1.01052,lpfOut,0
count,0.0203, Input, -1.51309, bpfOut,-1.15425,hetero,1.12801,lpfOut,0
count,0.02035, Input, -0.864262, bpfOut,-1.17026,hetero,1.15806,lpfOut,0
count,0.0204, Input, -0.268195, bpfOut,-1.09859,hetero,1.09547,lpfOut,0
count,0.02045, Input, -0.00195324, bpfOut,-0.975593,hetero,0.975574,lpfOut,0
count,0.0205, Input, -0.189001, bpfOut,-0.859011,hetero,0.857316,lpfOut,0
count,0.02055, Input, -0.742616, bpfOut,-0.80148,hetero,0.794514,lpfOut,0
count,0.0206, Input, -1.40562, bpfOut,-0.826365,hetero,0.809718,lpfOut,0
count,0.02065, Input, -1.86855, bpfOut,-0.917055,hetero,0.883787,lpfOut,0
count,0.0207, Input, -1.91157, bpfOut,-1.02461,hetero,0.966199,lpfOut,0
count,0.02075, Input, -1.50555, bpfOut,-1.09026,hetero,1.00059,lpfOut,0
count,0.0208, Input, -0.825352, bpfOut,-1.07243,hetero,0.952463,lpfOut,0
count,0.02085, Input, -0.169726, bpfOut,-0.965849,hetero,0.825103,lpfOut,0
count,0.0209, Input, 0.175773, bpfOut,-0.804076,hetero,0.656399,lpfOut,0
count,0.02095, Input, 0.0698243, bpfOut,-0.644139,hetero,0.498888,lpfOut,0
count,0.021, Input, -0.419935, bpfOut,-0.540451,hetero,0.393972,lpfOut,0
count,0.02105, Input, -1.04807, bpfOut,-0.519929,hetero,0.353528,lpfOut,0
count,0.0211, Input, -1.504, bpfOut,-0.569741,hetero,0.357623,lpfOut,0
count,0.02115, Input, -1.55472, bpfOut,-0.643294,hetero,0.368243,lpfOut,0
count,0.0212, Input, -1.15187, bpfOut,-0.681738,hetero,0.350713,lpfOut,0
count,0.02125, Input, -0.454013, bpfOut,-0.641095,hetero,0.291052,lpfOut,0
count,0.0213, Input, 0.246041, bpfOut,-0.512571,hetero,0.200608,lpfOut,0
count,0.02135, Input, 0.655398, bpfOut,-0.326718,hetero,0.106801,lpfOut,0
count,0.0214, Input, 0.615473, bpfOut,-0.139553,hetero,0.0364014,lpfOut,0
count,0.02145, Input, 0.174579, bpfOut,-0.00698701,hetero,0.00135234,lpfOut,0
count,0.0215, Input, -0.434358, bpfOut,0.0406969,hetero,-0.00510072,lpfOut,0
count,0.02155, Input, -0.900841, bpfOut,0.0125957,hetero,-0.000711908,lpfOut,0
count,0.0216, Input, -0.979551, bpfOut,-0.0471382,hetero,-0.000592248,lpfOut,0
count,0.02165, Input, -0.602973, bpfOut,-0.0797121,hetero,-0.00650358,lpfOut,0
count,0.0217, Input, 0.0874268, bpfOut,-0.0388236,hetero,-0.00583227,lpfOut,0
count,0.02175, Input, 0.805931, bpfOut,0.0879372,hetero,0.0191828,lpfOut,0
count,0.0218, Input, 1.2536, bpfOut,0.27324,hetero,0.0778782,lpfOut,0
count,0.02185, Input, 1.25536, bpfOut,0.462413,hetero,0.162091,lpfOut,0
count,0.0219, Input, 0.840173, bpfOut,0.598393,hetero,0.247958,lpfOut,0
count,0.02195, Input, 0.227557, bpfOut,0.647772,hetero,0.308493,lpfOut,0
count,0.022, Input, -0.273192, bpfOut,0.615986,hetero,0.330061,lpfOut,0
count,0.02205, Input, -0.405172, bpfOut,0.544698,hetero,0.322927,lpfOut,0
count,0.0221, Input, -0.0819176, bpfOut,0.492537,hetero,0.318698,lpfOut,0
count,0.02215, Input, 0.572837, bpfOut,0.508069,hetero,0.354716,lpfOut,0
count,0.0222, Input, 1.28176, bpfOut,0.607387,hetero,0.453075,lpfOut,0
count,0.02225, Input, 1.74121, bpfOut,0.766615,hetero,0.605744,lpfOut,0
count,0.0223, Input, 1.76038, bpfOut,0.932764,hetero,0.774749,lpfOut,0
count,0.02235, Input, 1.34883, bpfOut,1.04795,hetero,0.908649,lpfOut,0
count,0.0224, Input, 0.712019, bpfOut,1.07589,hetero,0.967662,lpfOut,0
count,0.02245, Input, 0.156941, bpfOut,1.01845,hetero,0.94456,lpfOut,0
count,0.0225, Input, -0.0489437, bpfOut,0.91475,hetero,0.869979,lpfOut,0
count,0.02255, Input, 0.199599, bpfOut,0.823112,hetero,0.798522,lpfOut,0
count,0.0226, Input, 0.797173, bpfOut,0.794272,hetero,0.782012,lpfOut,0
count,0.02265, Input, 1.47606, bpfOut,0.84804,hetero,0.843206,lpfOut,0
count,0.0227, Input, 1.92906, bpfOut,0.964169,hetero,0.963484,lpfOut,0
count,0.02275, Input, 1.95056, bpfOut,1.09164,hetero,1.0911,lpfOut,0
count,0.0228, Input, 1.53077, bpfOut,1.17205,hetero,1.16614,lpfOut,0
count,0.02285, Input, 0.860324, bpfOut,1.16645,hetero,1.14971,lpfOut,0
count,0.0229, Input, 0.242664, bpfOut,1.07319,hetero,1.04274,lpfOut,0
count,0.02295, Input, -0.0450456, bpfOut,0.928714,hetero,0.885045,lpfOut,0
count,0.023, Input, 0.120756, bpfOut,0.790882,hetero,0.735344,lpfOut,0
count,0.02305, Input, 0.653448, bpfOut,0.712426,hetero,0.642704,lpfOut,0
count,0.0231, Input, 1.29595, bpfOut,0.716811,hetero,0.623758,lpfOut,0
count,0.02315, Input, 1.7389, bpfOut,0.787524,hetero,0.656857,lpfOut,0
count,0.0232, Input, 1.76258, bpfOut,0.875722,hetero,0.695315,lpfOut,0
count,0.02325, Input, 1.3379, bpfOut,0.922727,hetero,0.692148,lpfOut,0
count,0.0233, Input, 0.639858, bpfOut,0.887043,hetero,0.623281,lpfOut,0
count,0.02335, Input, -0.0327, bpfOut,0.763502,hetero,0.497677,lpfOut,0
count,0.0234, Input, -0.394208, bpfOut,0.585734,hetero,0.350214,lpfOut,0
count,0.02345, Input, -0.303202, bpfOut,0.410843,hetero,0.222316,lpfOut,0
count,0.0235, Input, 0.172726, bpfOut,0.293315,hetero,0.141306,lpfOut,0
count,0.02355, Input, 0.788212, bpfOut,0.260134,hetero,0.109279,lpfOut,0
count,0.0236, Input, 1.23271, bpfOut,0.298526,hetero,0.106399,lpfOut,0
count,0.02365, Input, 1.27333, bpfOut,0.361954,hetero,0.105343,lpfOut,0
count,0.0237, Input, 0.861692, bpfOut,0.391616,hetero,0.087828,lpfOut,0
count,0.02375, Input, 0.15645, bpfOut,0.343578,hetero,0.0537474,lpfOut,0
count,0.0238, Input, -0.54957, bpfOut,0.209078,hetero,0.0183678,lpfOut,0
count,0.02385, Input, -0.963434, bpfOut,0.018699,hetero,0.00035246,lpfOut,0
count,0.0239, Input, -0.926555, bpfOut,-0.17152,hetero,0.00861771,lpfOut,0
count,0.02395, Input, -0.487219, bpfOut,-0.305654,hetero,0.0364022,lpfOut,0
count,0.024, Input, 0.121621, bpfOut,-0.353416,hetero,0.066223,lpfOut,0
count,0.02405, Input, 0.589556, bpfOut,-0.323899,hetero,0.0825194,lpfOut,0
count,0.0241, Input, 0.671173, bpfOut,-0.261262,hetero,0.0838497,lpfOut,0
count,0.02415, Input, 0.298975, bpfOut,-0.224312,hetero,0.0864906,lpfOut,0
count,0.0242, Input, -0.385589, bpfOut,-0.259374,hetero,0.116298,lpfOut,0
count,0.02425, Input, -1.09681, bpfOut,-0.378882,hetero,0.192867,lpfOut,0
count,0.0243, Input, -1.53585, bpfOut,-0.555543,hetero,0.315142,lpfOut,0
count,0.02435, Input, -1.52761, bpfOut,-0.734727,hetero,0.457579,lpfOut,0
count,0.0244, Input, -1.10113, bpfOut,-0.859419,hetero,0.580393,lpfOut,0
count,0.02445, Input, -0.475966, bpfOut,-0.896261,hetero,0.649477,lpfOut,0
count,0.0245, Input, 0.0384916, bpfOut,-0.850754,hetero,0.655516,lpfOut,0
count,0.02455, Input, 0.185334, bpfOut,-0.764624,hetero,0.621405,lpfOut,0
count,0.0246, Input, -0.122025, bpfOut,-0.696571,hetero,0.592777,lpfOut,0
count,0.02465, Input, -0.759879, bpfOut,-0.695235,hetero,0.615443,lpfOut,0
count,0.0247, Input, -1.45106, bpfOut,-0.77679,hetero,0.71095,lpfOut,0
count,0.02475, Input, -1.89194, bpfOut,-0.917449,hetero,0.863209,lpfOut,0
count,0.0248, Input, -1.89181, bpfOut,-1.06431,hetero,1.02389,lpfOut,0
count,0.02485, Input, -1.46034, bpfOut,-1.15958,hetero,1.13474,lpfOut,0
count,0.0249, Input, -0.8031, bpfOut,-1.16707,hetero,1.15594,lpfOut,0
count,0.02495, Input, -0.227105, bpfOut,-1.08874,hetero,1.08615,lpfOut,0
count,0.025, Input, 0, bpfOut,-0.963818,hetero,0.963818,lpfOut,0
count,0.02505, Input, -0.22709, bpfOut,-0.850723,hetero,0.848692,lpfOut,0
count,0.0251, Input, -0.803077, bpfOut,-0.800296,hetero,0.792663,lpfOut,0
count,0.02515, Input, -1.46032, bpfOut,-0.832445,hetero,0.814615,lpfOut,0
count,0.0252, Input, -1.8918, bpfOut,-0.927031,hetero,0.89183,lpfOut,0
count,0.02525, Input, -1.89194, bpfOut,-1.03314,hetero,0.972058,lpfOut,0
count,0.0253, Input, -1.45108, bpfOut,-1.09247,hetero,0.999872,lpfOut,0
count,0.02535, Input, -0.759904, bpfOut,-1.06616,hetero,0.943797,lpfOut,0
count,0.0254, Input, -0.122022, bpfOut,-0.952666,hetero,0.810713,lpfOut,0
count,0.02545, Input, 0.185331, bpfOut,-0.78854,hetero,0.640842,lpfOut,0
count,0.0255, Input, 0.038504, bpfOut,-0.631726,hetero,0.486754,lpfOut,0
count,0.02555, Input, -0.475945, bpfOut,-0.535047,hetero,0.387724,lpfOut,0
count,0.0256, Input, -1.10111, bpfOut,-0.522056,hetero,0.352562,lpfOut,0
count,0.02565, Input, -1.52762, bpfOut,-0.576324,hetero,0.358929,lpfOut,0
count,0.0257, Input, -1.53586, bpfOut,-0.649086,hetero,0.368207,lpfOut,0
count,0.02575, Input, -1.09683, bpfOut,-0.681735,hetero,0.347033,lpfOut,0
count,0.0258, Input, -0.385618, bpfOut,-0.632849,hetero,0.283761,lpfOut,0
count,0.02585, Input, 0.298952, bpfOut,-0.49732,hetero,0.19176,lpfOut,0
count,0.0259, Input, 0.671171, bpfOut,-0.308832,hetero,0.0991176,lpfOut,0
count,0.02595, Input, 0.589567, bpfOut,-0.124543,hetero,0.0317299,lpfOut,0
count,0.026, Input, 0.121641, bpfOut,0.00101561,hetero,-0.000190307,lpfOut,0
count,0.02605, Input, -0.487228, bpfOut,0.0408198,hetero,-0.00486156,lpfOut,0
count,0.0261, Input, -0.926546, bpfOut,0.00761463,hetero,-0.000382602,lpfOut,0
count,0.02615, Input, -0.963441, bpfOut,-0.0520874,hetero,-0.000981679,lpfOut,0
count,0.0262, Input, -0.54959, bpfOut,-0.0795047,hetero,-0.00698442,lpfOut,0
count,0.02625, Input, 0.156423, bpfOut,-0.0307112,hetero,-0.00480422,lpfOut,0
count,0.0263, Input, 0.861694, bpfOut,0.103051,hetero,0.0231111,lpfOut,0
count,0.02635, Input, 1.27332, bpfOut,0.291202,hetero,0.0847493,lpfOut,0
count,0.0264, Input, 1.23272, bpfOut,0.477711,hetero,0.170261,lpfOut,0
count,0.02645, Input, 0.788231, bpfOut,0.606677,hetero,0.254856,lpfOut,0
count,0.0265, Input, 0.172747, bpfOut,0.647832,hetero,0.312095,lpfOut,0
count,0.02655, Input, -0.303208, bpfOut,0.610301,hetero,0.330246,lpfOut,0
count,0.0266, Input, -0.394213, bpfOut,0.538282,hetero,0.321841,lpfOut,0
count,0.02665, Input, -0.0327191, bpfOut,0.490628,hetero,0.319807,lpfOut,0
count,0.0267, Input, 0.639864, bpfOut,0.513715,hetero,0.360961,lpfOut,0
count,0.02675, Input, 1.33788, bpfOut,0.620033,hetero,0.465093,lpfOut,0
count,0.0268, Input, 1.76257, bpfOut,0.782352,hetero,0.621179,lpfOut,0
count,0.02685, Input, 1.73891, bpfOut,0.946112,hetero,0.78913,lpfOut,0
count,0.0269, Input, 1.29597, bpfOut,1.05437,hetero,0.917494,lpfOut,0
count,0.02695, Input, 0.65344, bpfOut,1.07385,hetero,0.968751,lpfOut,0
count,0.027, Input, 0.120769, bpfOut,1.01013,hetero,0.939191,lpfOut,0
count,0.02705, Input, -0.0450478, bpfOut,0.905021,hetero,0.862466,lpfOut,0
count,0.0271, Input, 0.242647, bpfOut,0.817322,hetero,0.794136,lpfOut,0
count,0.02715, Input, 0.8603, bpfOut,0.795765,hetero,0.784341,lpfOut,0
count,0.0272, Input, 1.53078, bpfOut,0.856621,hetero,0.852295,lpfOut,0
count,0.02725, Input, 1.95056, bpfOut,0.976197,hetero,0.975715,lpfOut,0
count,0.0273, Input, 1.92907, bpfOut,1.10169,hetero,1.10091,lpfOut,0
count,0.02735, Input, 1.47605, bpfOut,1.17542,hetero,1.16872,lpfOut,0
count,0.0274, Input, 0.797197, bpfOut,1.16129,hetero,1.14337,lpfOut,0
count,0.02745, Input, 0.199615, bpfOut,1.06138,hetero,1.02968,lpfOut,0
count,0.0275, Input, -0.0489424, bpfOut,0.914996,hetero,0.870214,lpfOut,0
count,0.02755, Input, 0.156926, bpfOut,0.780676,hetero,0.724034,lpfOut,0
count,0.0276, Input, 0.712027, bpfOut,0.709359,hetero,0.638001,lpfOut,0
count,0.02765, Input, 1.34881, bpfOut,0.721052,hetero,0.625203,lpfOut,0
count,0.0277, Input, 1.76037, bpfOut,0.795713,hetero,0.660916,lpfOut,0
count,0.02775, Input, 1.74122, bpfOut,0.88252,hetero,0.697329,lpfOut,0
count,0.0278, Input, 1.28178, bpfOut,0.923273,hetero,0.688708,lpfOut,0
count,0.02785, Input, 0.572833, bpfOut,0.879193,hetero,0.613823,lpfOut,0
count,0.0279, Input, -0.0818981, bpfOut,0.748823,hetero,0.484532,lpfOut,0
count,0.02795, Input, -0.405167, bpfOut,0.568794,hetero,0.337215,lpfOut,0
count,0.028, Input, -0.273184, bpfOut,0.397125,hetero,0.212791,lpfOut,0
count,0.02805, Input, 0.227538, bpfOut,0.286711,hetero,0.136544,lpfOut,0
count,0.0281, Input, 0.840153, bpfOut,0.261171,hetero,0.108223,lpfOut,0
count,0.02815, Input, 1.25535, bpfOut,0.304135,hetero,0.10661,lpfOut,0
count,0.0282, Input, 1.25361, bpfOut,0.366891,hetero,0.104571,lpfOut,0
count,0.02825, Input, 0.805928, bpfOut,0.390884,hetero,0.0852692,lpfOut,0
count,0.0283, Input, 0.0874528, bpfOut,0.334729,hetero,0.0502854,lpfOut,0
count,0.02835, Input, -0.602951, bpfOut,0.193354,hetero,0.0157763,lpfOut,0
count,0.0284, Input, -0.979543, bpfOut,0.000474259,hetero,5.96066e-06,lpfOut,0
count,0.02845, Input, -0.90085, bpfOut,-0.186734,hetero,0.0105535,lpfOut,0
count,0.0285, Input, -0.434347, bpfOut,-0.313726,hetero,0.0393193,lpfOut,0
count,0.02855, Input, 0.174561, bpfOut,-0.353471,hetero,0.068413,lpfOut,0
count,0.0286, Input, 0.615462, bpfOut,-0.318715,hetero,0.0831342,lpfOut,0
count,0.02865, Input, 0.655399, bpfOut,-0.255975,hetero,0.0836752,lpfOut,0
count,0.0287, Input, 0.246062, bpfOut,-0.22405,hetero,0.0876871,lpfOut,0
count,0.02875, Input, -0.453987, bpfOut,-0.266886,hetero,0.121163,lpfOut,0
count,0.0288, Input, -1.15185, bpfOut,-0.393268,hetero,0.202312,lpfOut,0
count,0.02885, Input, -1.55472, bpfOut,-0.572653,hetero,0.327804,lpfOut,0
count,0.0289, Input, -1.504, bpfOut,-0.749054,hetero,0.470173,lpfOut,0
count,0.02895, Input, -1.04809, bpfOut,-0.866614,hetero,0.589256,lpfOut,0
count,0.029, Input, -0.419954, bpfOut,-0.895122,hetero,0.652514,lpfOut,0
count,0.02905, Input, 0.0698143, bpfOut,-0.843765,hetero,0.653497,lpfOut,0
count,0.0291, Input, 0.175779, bpfOut,-0.756805,hetero,0.617808,lpfOut,0
count,0.02915, Input, -0.16973, bpfOut,-0.693167,hetero,0.592157,lpfOut,0
count,0.0292, Input, -0.825327, bpfOut,-0.699301,hetero,0.621074,lpfOut,0
count,0.02925, Input, -1.50553, bpfOut,-0.78778,hetero,0.722989,lpfOut,0
count,0.0293, Input, -1.91157, bpfOut,-0.931461,hetero,0.878359,lpfOut,0
count,0.02935, Input, -1.86856, bpfOut,-1.07587,hetero,1.03684,lpfOut,0
count,0.0294, Input, -1.40564, bpfOut,-1.16416,hetero,1.1407,lpfOut,0
count,0.02945, Input, -0.742638, bpfOut,-1.16314,hetero,1.15303,lpfOut,0
count,0.0295, Input, -0.189015, bpfOut,-1.0785,hetero,1.07637,lpfOut,0
count,0.02955, Input, -0.00195366, bpfOut,-0.952147,hetero,0.952128,lpfOut,0
count,0.0296, Input, -0.268179, bpfOut,-0.842975,hetero,0.840581,lpfOut,0
count,0.02965, Input, -0.864239, bpfOut,-0.799823,hetero,0.791486,lpfOut,0
count,0.0297, Input, -1.51308, bpfOut,-0.839063,hetero,0.81999,lpfOut,0
count,0.02975, Input, -1.91135, bpfOut,-0.937107,hetero,0.899898,lpfOut,0
count,0.0298, Input, -1.86851, bpfOut,-1.04126,hetero,0.977465,lpfOut,0
count,0.02985, Input, -1.39446, bpfOut,-1.09393,hetero,0.998425,lpfOut,0
count,0.0299, Input, -0.694918, bpfOut,-1.05914,hetero,0.934471,lpfOut,0
count,0.02995, Input, -0.0771627, bpfOut,-0.939048,hetero,0.796011,lpfOut,0
count,0.03, Input, 0.190982, bpfOut,-0.773068,hetero,0.625426,lpfOut,0
count,0.03005, Input, 0.00402021, bpfOut,-0.619831,hetero,0.475097,lpfOut,0
count,0.0301, Input, -0.532909, bpfOut,-0.530364,hetero,0.382027,lpfOut,0
count,0.03015, Input, -1.15243, bpfOut,-0.524762,hetero,0.351952,lpfOut,0
count,0.0302, Input, -1.54764, bpfOut,-0.583068,hetero,0.360256,lpfOut,0
count,0.03025, Input, -1.51315, bpfOut,-0.654534,hetero,0.367903,lpfOut,0
count,0.0303, Input, -1.03945, bpfOut,-0.681033,hetero,0.342984,lpfOut,0
count,0.03035, Input, -0.317449, bpfOut,-0.623858,hetero,0.276219,lpfOut,0
count,0.0304, Input, 0.34918, bpfOut,-0.481613,hetero,0.182907,lpfOut,0
count,0.03045, Input, 0.683039, bpfOut,-0.290982,hetero,0.0916558,lpfOut,0
count,0.0305, Input, 0.560336, bpfOut,-0.110037,hetero,0.0273653,lpfOut,0
count,0.03055, Input, 0.067489, bpfOut,0.00828068,hetero,-0.00150053,lpfOut,0
count,0.0306, Input, -0.538642, bpfOut,0.0403146,hetero,-0.00454987,lpfOut,0
count,0.03065, Input, -0.948792, bpfOut,0.00240527,hetero,-0.000105762,lpfOut,0
count,0.0307, Input, -0.943457, bpfOut,-0.0567597,hetero,-0.00142619,lpfOut,0
count,0.03075, Input, -0.493698, bpfOut,-0.0786426,hetero,-0.00740063,lpfOut,0
count,0.0308, Input, 0.225418, bpfOut,-0.0218684,hetero,-0.00355661,lpfOut,0
count,0.03085, Input, 0.914937, bpfOut,0.118633,hetero,0.0273318,lpfOut,0
count,0.0309, Input, 1.28915, bpfOut,0.30915,hetero,0.0918303,lpfOut,0
count,0.03095, Input, 1.2066, bpfOut,0.492517,hetero,0.178426,lpfOut,0
count,0.031, Input, 0.734818, bpfOut,0.614207,hetero,0.261516,lpfOut,0
count,0.03105, Input, 0.119135, bpfOut,0.647217,hetero,0.315356,lpfOut,0
count,0.0311, Input, -0.329914, bpfOut,0.60432,hetero,0.330196,lpfOut,0
count,0.03115, Input, -0.379363, bpfOut,0.532076,hetero,0.320803,lpfOut,0
count,0.0312, Input, 0.0191538, bpfOut,0.489328,hetero,0.321285,lpfOut,0
count,0.03125, Input, 0.707109, bpfOut,0.520076,hetero,0.367748,lpfOut,0
count,0.0313, Input, 1.39166, bpfOut,0.633161,hetero,0.477561,lpfOut,0
count,0.03135, Input, 1.78008, bpfOut,0.798103,hetero,0.636722,lpfOut,0
count,0.0314, Input, 1.71384, bpfOut,0.958985,hetero,0.803176,lpfOut,0
count,0.03145, Input, 1.2414, bpfOut,1.06002,hetero,0.925678,lpfOut,0
count,0.0315, Input, 0.595808, bpfOut,1.07109,hetero,0.969146,lpfOut,0
count,0.03155, Input, 0.0877516, bpfOut,1.00144,hetero,0.933414,lpfOut,0
count,0.0316, Input, -0.0372514, bpfOut,0.895443,hetero,0.855026,lpfOut,0
count,0.03165, Input, 0.288533, bpfOut,0.812103,hetero,0.790256,lpfOut,0
count,0.0317, Input, 0.923883, bpfOut,0.797967,hetero,0.787343,lpfOut,0
count,0.03175, Input, 1.58335, bpfOut,0.865708,hetero,0.861866,lpfOut,0
count,0.0318, Input, 1.96826, bpfOut,0.988277,hetero,0.987965,lpfOut,0
count,0.03185, Input, 1.90386, bpfOut,1.1113,hetero,1.11023,lpfOut,0
count,0.0319, Input, 1.41939, bpfOut,1.17804,hetero,1.17051,lpfOut,0
count,0.03195, Input, 0.73477, bpfOut,1.1554,hetero,1.13627,lpfOut,0
count,0.032, Input, 0.159568, bpfOut,1.04918,hetero,1.01622,lpfOut,0
count,0.03205, Input, -0.0489315, bpfOut,0.901383,hetero,0.8555,lpfOut,0
count,0.0321, Input, 0.196102, bpfOut,0.771013,hetero,0.713247,lpfOut,0
count,0.03215, Input, 0.77131, bpfOut,0.707006,hetero,0.633932,lpfOut,0
count,0.0322, Input, 1.39974, bpfOut,0.725835,hetero,0.627067,lpfOut,0
count,0.03225, Input, 1.77814, bpfOut,0.804008,hetero,0.664981,lpfOut,0
count,0.0323, Input, 1.71608, bpfOut,0.888924,hetero,0.698953,lpfOut,0
count,0.03235, Input, 1.22351, bpfOut,0.923091,hetero,0.684698,lpfOut,0
count,0.0324, Input, 0.506275, bpfOut,0.870603,hetero,0.603899,lpfOut,0
count,0.03245, Input, -0.128248, bpfOut,0.733719,hetero,0.471233,lpfOut,0
count,0.0325, Input, -0.412214, bpfOut,0.551927,hetero,0.324415,lpfOut,0
count,0.03255, Input, -0.239999, bpfOut,0.383934,hetero,0.203682,lpfOut,0
count,0.0326, Input, 0.283309, bpfOut,0.280837,hetero,0.132191,lpfOut,0
count,0.03265, Input, 0.890402, bpfOut,0.262797,hetero,0.107392,lpfOut,0
count,0.0327, Input, 1.27441, bpfOut,0.309914,hetero,0.10681,lpfOut,0
count,0.03275, Input, 1.23005, bpfOut,0.371496,hetero,0.103645,lpfOut,0
count,0.0328, Input, 0.747835, bpfOut,0.389463,hetero,0.08257,lpfOut,0
count,0.03285, Input, 0.0186979, bpfOut,0.325148,hetero,0.0468259,lpfOut,0
count,0.0329, Input, -0.653634, bpfOut,0.177189,hetero,0.0133477,lpfOut,0
count,0.03295, Input, -0.991738, bpfOut,-0.0177012,hetero,-0.000111289,lpfOut,0
count,0.033, Input, -0.871814, bpfOut,-0.201431,hetero,0.0126479,lpfOut,0
count,0.03305, Input, -0.380254, bpfOut,-0.321047,hetero,0.0422381,lpfOut,0
count,0.0331, Input, 0.226053, bpfOut,-0.352887,hetero,0.0704747,lpfOut,0
count,0.03315, Input, 0.637923, bpfOut,-0.313291,hetero,0.0836176,lpfOut,0
count,0.0332, Input, 0.635764, bpfOut,-0.250954,hetero,0.083522,lpfOut,0
count,0.03325, Input, 0.190652, bpfOut,-0.22443,hetero,0.0891316,lpfOut,0
count,0.0333, Input, -0.522365, bpfOut,-0.275116,hetero,0.126437,lpfOut,0
count,0.03335, Input, -1.20435, bpfOut,-0.40811,hetero,0.212142,lpfOut,0
count,0.0334, Input, -1.56968, bpfOut,-0.589737,hetero,0.340614,lpfOut,0
count,0.03345, Input, -1.47689, bpfOut,-0.762874,hetero,0.482569,lpfOut,0
count,0.0335, Input, -0.99358, bpfOut,-0.873044,hetero,0.59764,lpfOut,0
count,0.03355, Input, -0.365136, bpfOut,-0.893298,hetero,0.655015,lpfOut,0
count,0.0336, Input, 0.0978332, bpfOut,-0.836471,hetero,0.651161,lpfOut,0
count,0.03365, Input, 0.162338, bpfOut,-0.749189,hetero,0.614298,lpfOut,0
count,0.0337, Input, -0.220101, bpfOut,-0.690365,hetero,0.592006,lpfOut,0
count,0.03375, Input, -0.890986, bpfOut,-0.704076,hetero,0.627336,lpfOut,0
count,0.0338, Input, -1.55765, bpfOut,-0.799246,hetero,0.735491,lpfOut,0
count,0.03385, Input, -1.92735, bpfOut,-0.945481,hetero,0.893538,lpfOut,0
count,0.0339, Input, -1.84169, bpfOut,-1.08695,hetero,1.04932,lpfOut,0
count,0.03395, Input, -1.34922, bpfOut,-1.16797,hetero,1.14588,lpfOut,0
count,0.034, Input, -0.683118, bpfOut,-1.15849,hetero,1.14936,lpfOut,0
count,0.03405, Input, -0.154079, bpfOut,-1.0679,hetero,1.06619,lpfOut,0
count,0.0341, Input, -0.00780648, bpfOut,-0.940624,hetero,0.94055,lpfOut,0
count,0.03415, Input, -0.312106, bpfOut,-0.835796,hetero,0.83301,lpfOut,0
count,0.0342, Input, -0.925856, bpfOut,-0.80006,hetero,0.790981,lpfOut,0
count,0.03425, Input, -1.56368, bpfOut,-0.846188,hetero,0.82581,lpfOut,0
count,0.0343, Input, -1.9271, bpfOut,-0.947238,hetero,0.907949,lpfOut,0
count,0.03435, Input, -1.84138, bpfOut,-1.04894,hetero,0.982387,lpfOut,0
count,0.0344, Input, -1.3359, bpfOut,-1.09465,hetero,0.996251,lpfOut,0
count,0.03445, Input, -0.630636, bpfOut,-1.05139,hetero,0.924506,lpfOut,0
count,0.0345, Input, -0.0353107, bpfOut,-0.925038,hetero,0.781037,lpfOut,0
count,0.03455, Input, 0.192718, bpfOut,-0.757707,hetero,0.610189,lpfOut,0
count,0.0346, Input, -0.0334717, bpfOut,-0.608487,hetero,0.463936,lpfOut,0
count,0.03465, Input, -0.590582, bpfOut,-0.526404,hetero,0.376872,lpfOut,0
count,0.0347, Input, -1.20183, bpfOut,-0.528019,hetero,0.351667,lpfOut,0
count,0.03475, Input, -1.56397, bpfOut,-0.589925,hetero,0.36157,lpfOut,0
count,0.0348, Input, -1.48666, bpfOut,-0.659595,hetero,0.367314,lpfOut,0
count,0.03485, Input, -0.979946, bpfOut,-0.679612,hetero,0.338574,lpfOut,0
count,0.0349, Input, -0.249761, bpfOut,-0.614137,hetero,0.26845,lpfOut,0
count,0.03495, Input, 0.396543, bpfOut,-0.465491,hetero,0.174076,lpfOut,0
count,0.035, Input, 0.69098, bpfOut,-0.273216,hetero,0.0844293,lpfOut,0
count,0.03505, Input, 0.527923, bpfOut,-0.096071,hetero,0.0233071,lpfOut,0
count,0.0351, Input, 0.0123627, bpfOut,0.0148033,hetero,-0.00259097,lpfOut,0
count,0.03515, Input, -0.588368, bpfOut,0.0392078,hetero,-0.00418,lpfOut,0
count,0.0352, Input, -0.967462, bpfOut,-0.00298655,hetero,0.000112566,lpfOut,0
count,0.03525, Input, -0.919648, bpfOut,-0.0611104,hetero,-0.00191946,lpfOut,0
count,0.0353, Input, -0.435486, bpfOut,-0.0771027,hetero,-0.00773804,lpfOut,0
count,0.03535, Input, 0.294154, bpfOut,-0.0123043,hetero,-0.00207735,lpfOut,0
count,0.0354, Input, 0.965466, bpfOut,0.134646,hetero,0.0318435,lpfOut,0
count,0.03545, Input, 1.30106, bpfOut,0.327038,hetero,0.0991033,lpfOut,0
count,0.0355, Input, 1.17714, bpfOut,0.506792,hetero,0.186561,lpfOut,0
count,0.03555, Input, 0.680167, bpfOut,0.620975,hetero,0.267922,lpfOut,0
count,0.0356, Input, 0.0669568, bpfOut,0.64595,hetero,0.318275,lpfOut,0
count,0.03565, Input, -0.353184, bpfOut,0.598088,hetero,0.329931,lpfOut,0
count,0.0357, Input, -0.360658, bpfOut,0.526124,hetero,0.319847,lpfOut,0
count,0.03575, Input, 0.0735191, bpfOut,0.488661,hetero,0.323157,lpfOut,0
count,0.0358, Input, 0.774329, bpfOut,0.527147,hetero,0.375084,lpfOut,0
count,0.03585, Input, 1.4429, bpfOut,0.646737,hetero,0.49046,lpfOut,0
count,0.0359, Input, 1.79368, bpfOut,0.81382,hetero,0.65233,lpfOut,0
count,0.03595, Input, 1.68528, bpfOut,0.971344,hetero,0.816846,lpfOut,0
count,0.036, Input, 1.18533, bpfOut,1.06491,hetero,0.933182,lpfOut,0
count,0.03605, Input, 0.539358, bpfOut,1.06763,hetero,0.968858,lpfOut,0
count,0.0361, Input, 0.0580298, bpfOut,0.992447,hetero,0.92727,lpfOut,0
count,0.03615, Input, -0.0255774, bpfOut,0.886061,hetero,0.847704,lpfOut,0
count,0.0362, Input, 0.337083, bpfOut,0.807481,hetero,0.786911,lpfOut,0
count,0.03625, Input, 0.987675, bpfOut,0.800875,hetero,0.791015,lpfOut,0
count,0.0363, Input, 1.63356, bpfOut,0.875269,hetero,0.871884,lpfOut,0
count,0.03635, Input, 1.98211, bpfOut,1.00036,hetero,1.00018,lpfOut,0
count,0.0364, Input, 1.87505, bpfOut,1.12043,hetero,1.11902,lpfOut,0
count,0.03645, Input, 1.361, bpfOut,1.17988,hetero,1.17149,lpfOut,0
count,0.0365, Input, 0.673286, bpfOut,1.14879,hetero,1.12844,lpfOut,0
count,0.03655, Input, 0.122676, bpfOut,1.03662,hetero,1.00241,lpfOut,0
count,0.0366, Input, -0.0450183, bpfOut,0.887922,hetero,0.840951,lpfOut,0
count,0.03665, Input, 0.238119, bpfOut,0.761923,hetero,0.703007,lpfOut,0
count,0.0367, Input, 0.831053, bpfOut,0.705368,hetero,0.630488,lpfOut,0
count,0.03675, Input, 1.44851, bpfOut,0.73113,hetero,0.629316,lpfOut,0
count,0.0368, Input, 1.79211, bpfOut,0.812363,hetero,0.669007,lpfOut,0
count,0.03685, Input, 1.68723, bpfOut,0.894893,hetero,0.700157,lpfOut,0
count,0.0369, Input, 1.16331, bpfOut,0.922165,hetero,0.68011,lpfOut,0
count,0.03695, Input, 0.440427, bpfOut,0.861288,hetero,0.593526,lpfOut,0
count,0.037, Input, -0.171579, bpfOut,0.718229,hetero,0.457817,lpfOut,0
count,0.03705, Input, -0.415337, bpfOut,0.535179,hetero,0.311845,lpfOut,0
count,0.0371, Input, -0.203811, bpfOut,0.371301,hetero,0.194999,lpfOut,0
count,0.03715, Input, 0.339805, bpfOut,0.275693,hetero,0.12824,lpfOut,0
count,0.0372, Input, 0.938733, bpfOut,0.264982,hetero,0.106764,lpfOut,0
count,0.03725, Input, 1.2898, bpfOut,0.315817,hetero,0.10698,lpfOut,0
count,0.0373, Input, 1.20275, bpfOut,0.375727,hetero,0.102557,lpfOut,0
count,0.03735, Input, 0.687643, bpfOut,0.387338,hetero,0.0797387,lpfOut,0
count,0.0374, Input, -0.049572, bpfOut,0.314852,hetero,0.0433839,lpfOut,0
count,0.03745, Input, -0.701448, bpfOut,0.160623,hetero,0.0110928,lpfOut,0
count,0.0375, Input, -0.999998, bpfOut,-0.0357789,hetero,-6.35495e-08,lpfOut,0
count,0.03755, Input, -0.83956, bpfOut,-0.215574,hetero,0.0148871,lpfOut,0
count,0.0376, Input, -0.325201, bpfOut,-0.327612,hetero,0.0451409,lpfOut,0
count,0.03765, Input, 0.275876, bpfOut,-0.351689,hetero,0.0723985,lpfOut,0
count,0.0377, Input, 0.656824, bpfOut,-0.307672,hetero,0.0839787,lpfOut,0
count,0.03775, Input, 0.612321, bpfOut,-0.246241,hetero,0.0834104,lpfOut,0
count,0.0378, Input, 0.132912, bpfOut,-0.225477,hetero,0.0908452,lpfOut,0
count,0.03785, Input, -0.590446, bpfOut,-0.284056,hetero,0.132128,lpfOut,0
count,0.0379, Input, -1.25413, bpfOut,-0.42337,hetero,0.222343,lpfOut,0
count,0.03795, Input, -1.58072, bpfOut,-0.606748,hetero,0.353546,lpfOut,0
count,0.038, Input, -1.44644, bpfOut,-0.776154,hetero,0.494738,lpfOut,0
count,0.03805, Input, -0.937791, bpfOut,-0.878701,hetero,0.605524,lpfOut,0
count,0.0381, Input, -0.311766, bpfOut,-0.89081,hetero,0.656983,lpfOut,0
count,0.03815, Input, 0.122427, bpfOut,-0.828916,hetero,0.648535,lpfOut,0
count,0.0382, Input, 0.145056, bpfOut,-0.741818,hetero,0.61091,lpfOut,0
count,0.03825, Input, -0.272953, bpfOut,-0.688188,hetero,0.592351,lpfOut,0
count,0.0383, Input, -0.95664, bpfOut,-0.709556,hetero,0.634229,lpfOut,0
count,0.03835, Input, -1.60719, bpfOut,-0.811155,hetero,0.748429,lpfOut,0
count,0.0384, Input, -1.93921, bpfOut,-0.959461,hetero,0.908703,lpfOut,0
count,0.03845, Input, -1.81134, bpfOut,-1.09751,hetero,1.0613,lpfOut,0
count,0.0385, Input, -1.29131, bpfOut,-1.171,hetero,1.15026,lpfOut,0
count,0.03855, Input, -0.624751, bpfOut,-1.15315,hetero,1.14494,lpfOut,0
count,0.0386, Input, -0.12245, bpfOut,-1.05698,hetero,1.05564,lpfOut,0
count,0.03865, Input, -0.0175294, bpfOut,-0.929295,hetero,0.92913,lpfOut,0
count,0.0387, Input, -0.358696, bpfOut,-0.829212,hetero,0.826006,lpfOut,0
count,0.03875, Input, -0.987682, bpfOut,-0.801001,hetero,0.79114,lpfOut,0
count,0.0388, Input, -1.61196, bpfOut,-0.853788,hetero,0.83204,lpfOut,0
count,0.03885, Input, -1.939, bpfOut,-0.957378,hetero,0.915936,lpfOut,0
count,0.0389, Input, -1.81065, bpfOut,-1.05615,hetero,0.986791,lpfOut,0
count,0.03895, Input, -1.27563, bpfOut,-1.09461,hetero,0.993342,lpfOut,0
count,0.039, Input, -0.567299, bpfOut,-1.04293,hetero,0.913928,lpfOut,0
count,0.03905, Input, 0.00338393, bpfOut,-0.910679,hetero,0.765831,lpfOut,0
count,0.0391, Input, 0.190545, bpfOut,-0.742506,hetero,0.595169,lpfOut,0
count,0.03915, Input, -0.0737904, bpfOut,-0.597721,hetero,0.45329,lpfOut,0
count,0.0392, Input, -0.648723, bpfOut,-0.523163,hetero,0.37225,lpfOut,0
count,0.03925, Input, -1.24909, bpfOut,-0.531795,hetero,0.351683,lpfOut,0
count,0.0393, Input, -1.57652, bpfOut,-0.59685,hetero,0.362844,lpfOut,0
count,0.03935, Input, -1.45647, bpfOut,-0.664231,hetero,0.366422,lpfOut,0
count,0.0394, Input, -0.918544, bpfOut,-0.677457,hetero,0.333804,lpfOut,0
count,0.03945, Input, -0.182795, bpfOut,-0.603704,hetero,0.260474,lpfOut,0
count,0.0395, Input, 0.440884, bpfOut,-0.448996,hetero,0.165287,lpfOut,0
count,0.03955, Input, 0.694991, bpfOut,-0.255583,hetero,0.0774508,lpfOut,0
count,0.0396, Input, 0.492462, bpfOut,-0.0826772,hetero,0.0195532,lpfOut,0
count,0.03965, Input, -0.0434622, bpfOut,0.0205813,hetero,-0.00347485,lpfOut,0
count,0.0397, Input, -0.636167, bpfOut,0.0375311,hetero,-0.00376676,lpfOut,0
count,0.03975, Input, -0.982465, bpfOut,-0.00851158,hetero,0.000267376,lpfOut,0
count,0.0398, Input, -0.892091, bpfOut,-0.0650962,hetero,-0.00245331,lpfOut,0
count,0.03985, Input, -0.37514, bpfOut,-0.0748644,hetero,-0.00798114,lpfOut,0
count,0.0399, Input, 0.362359, bpfOut,-0.00203095,hetero,-0.000355456,lpfOut,0
count,0.03995, Input, 1.01309, bpfOut,0.15105,hetero,0.036644,lpfOut,0
count,0.04, Input, 1.30901, bpfOut,0.344816,hetero,0.106553,lpfOut,0
count,0.04005, Input, 1.14448, bpfOut,0.520503,hetero,0.194646,lpfOut,0
count,0.0401, Input, 0.624492, bpfOut,0.626974,hetero,0.274059,lpfOut,0
count,0.04015, Input, 0.016416, bpfOut,0.644051,hetero,0.320856,lpfOut,0
count,0.0402, Input, -0.37289, bpfOut,0.591643,hetero,0.329471,lpfOut,0
count,0.04025, Input, -0.338158, bpfOut,0.520466,hetero,0.318997,lpfOut,0
count,0.0403, Input, 0.130175, bpfOut,0.488645,hetero,0.325442,lpfOut,0
count,0.04035, Input, 0.84127, bpfOut,0.534913,hetero,0.382963,lpfOut,0
count,0.0404, Input, 1.49142, bpfOut,0.660721,hetero,0.50376,lpfOut,0
count,0.04045, Input, 1.80333, bpfOut,0.829456,hetero,0.667966,lpfOut,0
count,0.0405, Input, 1.65336, bpfOut,0.983155,hetero,0.830103,lpfOut,0
count,0.04055, Input, 1.12802, bpfOut,1.06901,hetero,0.939993,lpfOut,0
count,0.0406, Input, 0.484327, bpfOut,1.06351,hetero,0.967907,lpfOut,0
count,0.04065, Input, 0.0317176, bpfOut,0.983184,hetero,0.920801,lpfOut,0
count,0.0407, Input, -0.0100712, bpfOut,0.876918,hetero,0.840545,lpfOut,0
count,0.04075, Input, 0.38811, bpfOut,0.803477,hetero,0.784126,lpfOut,0
count,0.0408, Input, 1.05143, bpfOut,0.80448,hetero,0.79535,lpfOut,0
count,0.04085, Input, 1.68121, bpfOut,0.885265,hetero,0.882314,lpfOut,0
count,0.0409, Input, 1.99204, bpfOut,1.01241,hetero,1.01233,lpfOut,0
count,0.04095, Input, 1.84275, bpfOut,1.12904,hetero,1.12723,lpfOut,0
count,0.041, Input, 1.30116, bpfOut,1.18096,hetero,1.17165,lpfOut,0
count,0.04105, Input, 0.612982, bpfOut,1.14149,hetero,1.1199,lpfOut,0
count,0.0411, Input, 0.0890785, bpfOut,1.02375,hetero,0.98831,lpfOut,0
count,0.04115, Input, -0.0372227, bpfOut,0.874663,hetero,0.826612,lpfOut,0
count,0.0412, Input, 0.282775, bpfOut,0.753434,hetero,0.693334,lpfOut,0
count,0.04125, Input, 0.890976, bpfOut,0.704438,hetero,0.627659,lpfOut,0
count,0.0413, Input, 1.49494, bpfOut,0.7369,hetero,0.631912,lpfOut,0
count,0.04135, Input, 1.80224, bpfOut,0.820726,hetero,0.672957,lpfOut,0
count,0.0414, Input, 1.65477, bpfOut,0.900385,hetero,0.700917,lpfOut,0
count,0.04145, Input, 1.10137, bpfOut,0.920478,hetero,0.674947,lpfOut,0
count,0.0415, Input, 0.375564, bpfOut,0.851263,hetero,0.582732,lpfOut,0
count,0.04155, Input, -0.211743, bpfOut,0.702394,hetero,0.444316,lpfOut,0
count,0.0416, Input, -0.41454, bpfOut,0.518596,hetero,0.299529,lpfOut,0
count,0.04165, Input, -0.164725, bpfOut,0.359258,hetero,0.18675,lpfOut,0
count,0.0417, Input, 0.396804, bpfOut,0.271286,hetero,0.124678,lpfOut,0
count,0.04175, Input, 0.984905, bpfOut,0.267703,hetero,0.106318,lpfOut,0
count,0.0418, Input, 1.3014, bpfOut,0.321801,hetero,0.107102,lpfOut,0
count,0.04185, Input, 1.17174, bpfOut,0.379541,hetero,0.101301,lpfOut,0
count,0.0419, Input, 0.625492, bpfOut,0.384484,hetero,0.0767861,lpfOut,0
count,0.04195, Input, -0.117134, bpfOut,0.303843,hetero,0.0399758,lpfOut,0
count,0.042, Input, -0.746201, bpfOut,0.143685,hetero,0.00902249,lpfOut,0
count,0.04205, Input, -1.00431, bpfOut,-0.0537197,hetero,0.000337345,lpfOut,0
count,0.0421, Input, -0.804302, bpfOut,-0.229142,hetero,0.0172597,lpfOut,0
count,0.04215, Input, -0.269343, bpfOut,-0.333425,hetero,0.0480154,lpfOut,0
count,0.0422, Input, 0.323831, bpfOut,-0.349903,hetero,0.0741804,lpfOut,0
count,0.04225, Input, 0.672054, bpfOut,-0.301901,hetero,0.0842273,lpfOut,0
count,0.0423, Input, 0.585145, bpfOut,-0.241876,hetero,0.0833606,lpfOut,0
count,0.04235, Input, 0.0731212, bpfOut,-0.2272,hetero,0.0928449,lpfOut,0
count,0.0424, Input, -0.658078, bpfOut,-0.293687,hetero,0.138239,lpfOut,0
count,0.04245, Input, -1.30103, bpfOut,-0.439011,hetero,0.232899,lpfOut,0
count,0.0425, Input, -1.58778, bpfOut,-0.623643,hetero,0.366567,lpfOut,0
count,0.04255, Input, -1.41278, bpfOut,-0.788863,hetero,0.506648,lpfOut,0
count,0.0426, Input, -0.881051, bpfOut,-0.883587,hetero,0.612901,lpfOut,0
count,0.04265, Input, -0.259992, bpfOut,-0.887693,hetero,0.658437,lpfOut,0
count,0.0427, Input, 0.143492, bpfOut,-0.821147,hetero,0.645656,lpfOut,0
count,0.04275, Input, 0.123974, bpfOut,-0.734736,hetero,0.607684,lpfOut,0
count,0.0428, Input, -0.328068, bpfOut,-0.686656,hetero,0.593218,lpfOut,0
count,0.04285, Input, -1.02195, bpfOut,-0.71572,hetero,0.641743,lpfOut,0
count,0.0429, Input, -1.65404, bpfOut,-0.82346,hetero,0.761763,lpfOut,0
count,0.04295, Input, -1.94712, bpfOut,-0.973352,hetero,0.923804,lpfOut,0
count,0.043, Input, -1.77759, bpfOut,-1.10752,hetero,1.07273,lpfOut,0
count,0.04305, Input, -1.23217, bpfOut,-1.17325,hetero,1.15383,lpfOut,0
count,0.0431, Input, -0.567854, bpfOut,-1.14714,hetero,1.13981,lpfOut,0
count,0.04315, Input, -0.0942112, bpfOut,-1.04579,hetero,1.04478,lpfOut,0
count,0.0432, Input, -0.0311009, bpfOut,-0.918207,hetero,0.917917,lpfOut,0
count,0.04325, Input, -0.407786, bpfOut,-0.823251,hetero,0.819598,lpfOut,0
count,0.0433, Input, -1.04944, bpfOut,-0.802644,hetero,0.791958,lpfOut,0
count,0.04335, Input, -1.65763, bpfOut,-0.861824,hetero,0.838639,lpfOut,0
count,0.0434, Input, -1.94698, bpfOut,-0.967472,hetero,0.923806,lpfOut,0
count,0.04345, Input, -1.7764, bpfOut,-1.06283,hetero,0.990633,lpfOut,0
count,0.0435, Input, -1.21384, bpfOut,-1.09378,hetero,0.989686,lpfOut,0
count,0.04355, Input, -0.505177, bpfOut,-1.03377,hetero,0.902754,lpfOut,0
count,0.0436, Input, 0.0387629, bpfOut,-0.896007,hetero,0.750433,lpfOut,0
count,0.04365, Input, 0.184494, bpfOut,-0.727502,hetero,0.580398,lpfOut,0
count,0.0437, Input, -0.116825, bpfOut,-0.587559,hetero,0.443169,lpfOut,0
count,0.04375, Input, -0.707116, bpfOut,-0.520643,hetero,0.368152,lpfOut,0
count,0.0438, Input, -1.29398, bpfOut,-0.53606,hetero,0.351971,lpfOut,0
count,0.04385, Input, -1.58521, bpfOut,-0.603797,hetero,0.364047,lpfOut,0
count,0.0439, Input, -1.42271, bpfOut,-0.668403,hetero,0.365212,lpfOut,0
count,0.04395, Input, -0.855384, bpfOut,-0.674554,hetero,0.328677,lpfOut,0
count,0.044, Input, -0.116761, bpfOut,-0.592568,hetero,0.252304,lpfOut,0
count,0.04405, Input, 0.482059, bpfOut,-0.432161,hetero,0.156562,lpfOut,0
count,0.0441, Input, 0.695075, bpfOut,-0.238117,hetero,0.0707313,lpfOut,0
count,0.04415, Input, 0.454171, bpfOut,-0.0698724,hetero,0.0160981,lpfOut,0
count,0.0442, Input, -0.0998394, bpfOut,0.025624,hetero,-0.0041675,lpfOut,0
count,0.04425, Input, -0.681898, bpfOut,0.0353112,hetero,-0.00332321,lpfOut,0
count,0.0443, Input, -0.993721, bpfOut,-0.0141324,hetero,0.000355206,lpfOut,0
count,0.04435, Input, -0.860879, bpfOut,-0.068685,hetero,-0.00301965,lpfOut,0
count,0.0444, Input, -0.312946, bpfOut,-0.0719247,hetero,-0.00811709,lpfOut,0
count,0.04445, Input, 0.429882, bpfOut,0.00892566,hetero,0.00161737,lpfOut,0
count,0.0445, Input, 1.0577, bpfOut,0.167804,hetero,0.0417309,lpfOut,0
count,0.04455, Input, 1.31301, bpfOut,0.362442,hetero,0.114164,lpfOut,0
count,0.0446, Input, 1.10877, bpfOut,0.533623,hetero,0.202658,lpfOut,0
count,0.04465, Input, 0.568116, bpfOut,0.632213,hetero,0.279916,lpfOut,0
count,0.0447, Input, -0.0321932, bpfOut,0.64157,hetero,0.323108,lpfOut,0
count,0.04475, Input, -0.388975, bpfOut,0.585052,hetero,0.328846,lpfOut,0
count,0.0448, Input, -0.311917, bpfOut,0.515159,hetero,0.318294,lpfOut,0
count,0.04485, Input, 0.188893, bpfOut,0.489309,hetero,0.328171,lpfOut,0
count,0.0449, Input, 0.907658, bpfOut,0.543367,hetero,0.391391,lpfOut,0
count,0.04495, Input, 1.53699, bpfOut,0.675073,hetero,0.517438,lpfOut,0
count,0.045, Input, 1.80902, bpfOut,0.84496,hetero,0.683587,lpfOut,0
count,0.04505, Input, 1.61819, bpfOut,0.994379,hetero,0.842912,lpfOut,0
count,0.0451, Input, 1.06971, bpfOut,1.07232,hetero,0.946099,lpfOut,0
count,0.04515, Input, 0.430965, bpfOut,1.05875,hetero,0.966309,lpfOut,0
count,0.0452, Input, 0.00896388, bpfOut,0.973704,hetero,0.914048,lpfOut,0
count,0.04525, Input, 0.00923371, bpfOut,0.868065,hetero,0.833596,lpfOut,0
count,0.0453, Input, 0.441443, bpfOut,0.800121,hetero,0.781933,lpfOut,0
count,0.04535, Input, 1.11492, bpfOut,0.808782,hetero,0.800351,lpfOut,0
count,0.0454, Input, 1.7261, bpfOut,0.895671,hetero,0.893126,lpfOut,0
count,0.04545, Input, 1.99801, bpfOut,1.02437,hetero,1.02435,lpfOut,0
count,0.0455, Input, 1.80705, bpfOut,1.13709,hetero,1.13485,lpfOut,0
count,0.04555, Input, 1.24, bpfOut,1.18124,hetero,1.17097,lpfOut,0
count,0.0456, Input, 0.554065, bpfOut,1.1335,hetero,1.11067,lpfOut,0
count,0.04565, Input, 0.0589128, bpfOut,1.0106,hetero,0.973943,lpfOut,0
count,0.0457, Input, -0.025598, bpfOut,0.861634,hetero,0.812514,lpfOut,0
count,0.04575, Input, 0.32996, bpfOut,0.745562,hetero,0.684243,lpfOut,0
count,0.0458, Input, 0.950927, bpfOut,0.704211,hetero,0.625436,lpfOut,0
count,0.04585, Input, 1.53883, bpfOut,0.743121,hetero,0.634833,lpfOut,0
count,0.0459, Input, 1.80845, bpfOut,0.829063,hetero,0.676798,lpfOut,0
count,0.04595, Input, 1.61885, bpfOut,0.905373,hetero,0.701216,lpfOut,0
count,0.046, Input, 1.038, bpfOut,0.918035,hetero,0.669221,lpfOut,0
count,0.04605, Input, 0.311833, bpfOut,0.840564,hetero,0.571545,lpfOut,0
count,0.0461, Input, -0.248618, bpfOut,0.686264,hetero,0.430763,lpfOut,0
count,0.04615, Input, -0.409861, bpfOut,0.502225,hetero,0.287491,lpfOut,0
count,0.0462, Input, -0.123006, bpfOut,0.347825,hetero,0.178935,lpfOut,0
count,0.04625, Input, 0.453975, bpfOut,0.267595,hetero,0.121486,lpfOut,0
count,0.0463, Input, 1.02879, bpfOut,0.27091,hetero,0.106027,lpfOut,0
count,0.04635, Input, 1.30918, bpfOut,0.327812,hetero,0.107158,lpfOut,0
count,0.0464, Input, 1.13717, bpfOut,0.3829,hetero,0.0998762,lpfOut,0
count,0.04645, Input, 0.561704, bpfOut,0.380897,hetero,0.0737225,lpfOut,0
count,0.0465, Input, -0.183664, bpfOut,0.29216,hetero,0.0366175,lpfOut,0
count,0.04655, Input, -0.787804, bpfOut,0.126436,hetero,0.00714607,lpfOut,0
count,0.0466, Input, -1.00468, bpfOut,-0.0714671,hetero,0.00089797,lpfOut,0
count,0.04665, Input, -0.766125, bpfOut,-0.242092,hetero,0.019752,lpfOut,0
count,0.0467, Input, -0.213049, bpfOut,-0.33848,hetero,0.0508478,lpfOut,0
count,0.04675, Input, 0.369626, bpfOut,-0.347569,hetero,0.0758191,lpfOut,0
count,0.0468, Input, 0.683564, bpfOut,-0.296034,hetero,0.0843746,lpfOut,0
count,0.04685, Input, 0.554295, bpfOut,-0.237908,hetero,0.0833944,lpfOut,0
count,0.0469, Input, 0.0113957, bpfOut,-0.229633,hetero,0.0951536,lpfOut,0
count,0.04695, Input, -0.724889, bpfOut,-0.304005,hetero,0.144778,lpfOut,0
count,0.047, Input, -1.34483, bpfOut,-0.454992,hetero,0.243795,lpfOut,0
count,0.04705, Input, -1.59088, bpfOut,-0.64037,hetero,0.379646,lpfOut,0
count,0.0471, Input, -1.37602, bpfOut,-0.800963,hetero,0.518265,lpfOut,0
count,0.04715, Input, -0.823485, bpfOut,-0.887687,hetero,0.619749,lpfOut,0
count,0.0472, Input, -0.210144, bpfOut,-0.883962,hetero,0.65938,lpfOut,0
count,0.04725, Input, 0.160897, bpfOut,-0.813206,hetero,0.642556,lpfOut,0
count,0.0473, Input, 0.0991899, bpfOut,-0.727984,hetero,0.604658,lpfOut,0
count,0.04735, Input, -0.38531, bpfOut,-0.68579,hetero,0.594626,lpfOut,0
count,0.0474, Input, -1.08679, bpfOut,-0.72257,hetero,0.649884,lpfOut,0
count,0.04745, Input, -1.69793, bpfOut,-0.836137,hetero,0.775471,lpfOut,0
count,0.0475, Input, -1.95106, bpfOut,-0.987115,hetero,0.938802,lpfOut,0
count,0.04755, Input, -1.74065, bpfOut,-1.11695,hetero,1.08358,lpfOut,0
count,0.0476, Input, -1.17195, bpfOut,-1.17472,hetero,1.15658,lpfOut,0
count,0.04765, Input, -0.512543, bpfOut,-1.14048,hetero,1.13398,lpfOut,0
count,0.0477, Input, -0.0695292, bpfOut,-1.03438,hetero,1.03364,lpfOut,0
count,0.04775, Input, -0.04844, bpfOut,-0.907399,hetero,0.906951,lpfOut,0
count,0.0478, Input, -0.459107, bpfOut,-0.817925,hetero,0.813796,lpfOut,0
count,0.04785, Input, -1.11097, bpfOut,-0.804969,hetero,0.793414,lpfOut,0
count,0.0479, Input, -1.7006, bpfOut,-0.870264,hetero,0.845576,lpfOut,0
count,0.04795, Input, -1.95101, bpfOut,-0.977486,hetero,0.931525,lpfOut,0
count,0.048, Input, -1.73882, bpfOut,-1.06897,hetero,0.993901,lpfOut,0
count,0.04805, Input, -1.15085, bpfOut,-1.09219,hetero,0.985303,lpfOut,0
count,0.0481, Input, -0.444417, bpfOut,-1.02395,hetero,0.891031,lpfOut,0
count,0.04815, Input, 0.0707462, bpfOut,-0.881077,hetero,0.73489,lpfOut,0
count,0.0482, Input, 0.174587, bpfOut,-0.712748,hetero,0.565917,lpfOut,0
count,0.04825, Input, -0.162299, bpfOut,-0.578027,hetero,0.433586,lpfOut,0
count,0.0483, Input, -0.765419, bpfOut,-0.518826,hetero,0.364555,lpfOut,0
count,0.04835, Input, -1.33638, bpfOut,-0.540771,hetero,0.352495,lpfOut,0
count,0.0484, Input, -1.59002, bpfOut,-0.610716,hetero,0.365153,lpfOut,0
count,0.04845, Input, -1.38545, bpfOut,-0.672072,hetero,0.363676,lpfOut,0
count,0.0485, Input, -0.790808, bpfOut,-0.670895,hetero,0.323206,lpfOut,0
count,0.04855, Input, -0.051987, bpfOut,-0.580767,hetero,0.243972,lpfOut,0
count,0.0486, Input, 0.519887, bpfOut,-0.41505,hetero,0.147929,lpfOut,0
count,0.04865, Input, 0.691252, bpfOut,-0.220888,hetero,0.0642864,lpfOut,0
count,0.0487, Input, 0.413147, bpfOut,-0.0577083,hetero,0.0129423,lpfOut,0
count,0.04875, Input, -0.156393, bpfOut,0.0299175,hetero,-0.00468016,lpfOut,0
count,0.0488, Input, -0.725253, bpfOut,0.0325808,hetero,-0.00286231,lpfOut,0
count,0.04885, Input, -1.00113, bpfOut,-0.0197942,hetero,0.000373127,lpfOut,0
count,0.0489, Input, -0.826068, bpfOut,-0.0718267,hetero,-0.00360872,lpfOut,0
count,0.04895, Input, -0.249026, bpfOut,-0.0682514,hetero,-0.00812837,lpfOut,0
count,0.049, Input, 0.496353, bpfOut,0.0205619,hetero,0.00385285,lpfOut,0
count,0.04905, Input, 1.09908, bpfOut,0.184867,hetero,0.047098,lpfOut,0
count,0.0491, Input, 1.31306, bpfOut,0.379865,hetero,0.121914,lpfOut,0
count,0.04915, Input, 1.07013, bpfOut,0.546115,hetero,0.210571,lpfOut,0
count,0.0492, Input, 0.511168, bpfOut,0.636675,hetero,0.285472,lpfOut,0
count,0.04925, Input, -0.0787593, bpfOut,0.638507,hetero,0.325024,lpfOut,0
count,0.0493, Input, -0.40131, bpfOut,0.578331,hetero,0.328067,lpfOut,0
count,0.04935, Input, -0.282054, bpfOut,0.510217,hetero,0.317755,lpfOut,0
count,0.0494, Input, 0.249539, bpfOut,0.490651,hetero,0.331351,lpfOut,0
count,0.04945, Input, 0.973339, bpfOut,0.552489,hetero,0.400361,lpfOut,0
count,0.0495, Input, 1.57953, bpfOut,0.68976,hetero,0.531466,lpfOut,0
count,0.04955, Input, 1.81072, bpfOut,0.860297,hetero,0.699155,lpfOut,0
count,0.0496, Input, 1.57998, bpfOut,1.005,hetero,0.855248,lpfOut,0
count,0.04965, Input, 1.01058, bpfOut,1.07486,hetero,0.951497,lpfOut,0
count,0.0497, Input, 0.379416, bpfOut,1.05337,hetero,0.964088,lpfOut,0
count,0.04975, Input, -0.0101789, bpfOut,0.964042,hetero,0.907049,lpfOut,0
count,0.0498, Input, 0.0322362, bpfOut,0.859529,hetero,0.826891,lpfOut,0
count,0.04985, Input, 0.496802, bpfOut,0.797416,hetero,0.780336,lpfOut,0
count,0.0499, Input, 1.17783, bpfOut,0.813742,hetero,0.80598,lpfOut,0
count,0.04995, Input, 1.76812, bpfOut,0.906423,hetero,0.904259,lpfOut,0
